Country,Year,Incidents,Fatalities,Injuries,Hostages,Score,Rank,iso3c
Iraq,2012,1288,2086,5050,16,9.599967028,1,IRQ
Pakistan,2012,638,1322,2297,160,9.152620244,2,PAK
Afghanistan,2012,507,1511,2612,67,9.134264555,3,AFG
Syria,2012,168,1014,1833,71,8.238078587,4,SYR
Yemen,2012,219,651,798,121,8.098512649,5,YEM
Nigeria,2012,212,767,496,9,8.098342178,6,
Somalia,2012,166,446,427,1,7.964122878,7,
India,2012,219,150,256,41,7.814715079,8,
Thailand,2012,199,184,493,0,7.499810283,9,
Russia,2012,219,157,309,3,7.490145036,10,
Turkey,2012,157,188,502,89,7.387463099,11,
Colombia,2012,119,181,484,21,7.38634935,12,
Philippines,2012,113,98,304,29,7.211936124,13,
Algeria,2012,41,43,135,1,6.695682208,14,
Kenya,2012,72,113,377,6,6.688522043,15,
Democratic Republic of the Congo,2012,4,35,66,3,5.836173868,16,
Egypt,2012,45,31,45,50,5.804261379,17,
Israel,2012,77,10,46,0,5.709045369,18,
Iran,2012,4,10,4,0,5.688964794,19,
Myanmar,2012,8,8,4,3,5.580636513,20,
Norway,2012,0,0,0,0,5.574483329,21,
Mali,2012,16,45,0,11,5.496412603,22,
Libya,2012,48,30,54,7,5.446328433,23,
Sri Lanka,2012,2,0,0,3,5.443778362,24,
Sudan,2012,3,9,12,38,5.396542469,25,
Indonesia,2012,25,9,22,0,5.235223273,26,
Lebanon,2012,9,10,80,0,5.166324545,27,
Nepal,2012,7,11,28,0,5.1390601,28,
Ethiopia,2012,2,24,8,4,5.041844062,29,
China,2012,2,13,10,0,5.010017149,30,
Peru,2012,12,6,9,26,4.85702584,31,
Burundi,2012,0,0,0,0,4.735279505,32,
Uganda,2012,0,0,0,0,4.634778606,33,
Palestine,2012,6,3,1,0,4.629883542,34,
United Kingdom,2012,22,1,0,0,4.568434785,35,
Belarus,2012,0,0,0,0,4.567116169,36,
Bangladesh,2012,7,5,24,0,4.453522372,37,
France,2012,8,8,2,4,4.359280574,38,
United States of America,2012,3,6,3,0,4.31803763,39,
Tajikistan,2012,0,0,0,0,4.293038452,40,
Georgia,2012,7,5,11,5,4.277192625,41,
Bulgaria,2012,2,8,32,0,4.254761596,42,
Cote d' Ivoire,2012,4,12,0,0,4.239477682,43,
Central African Republic,2012,1,1,6,0,4.172716745,44,
Greece,2012,7,0,0,0,4.027997239,45,
Morocco,2012,0,0,0,0,4.027997239,45,
Kazakhstan,2012,1,0,1,0,3.956174806,47,
Guatemala,2012,2,7,2,0,3.884648275,48,
Bahrain,2012,10,2,17,0,3.82137931,49,
Ukraine,2012,3,0,30,0,3.78954287,50,
Rwanda,2012,2,0,10,0,3.678993555,51,
Saudi Arabia,2012,1,2,0,0,3.591148133,52,
Mauritania,2012,0,0,0,0,3.367379291,53,
Tunisia,2012,3,0,0,5,3.344173977,54,
Spain,2012,0,0,0,0,3.256669844,55,
Italy,2012,3,0,1,0,3.236416171,56,
Kosovo,2012,1,1,4,0,3.236416171,56,
Cameroon,2012,0,0,0,0,3.230246402,58,
Germany,2012,3,0,0,0,3.219864618,59,
Niger,2012,1,0,0,6,3.174846677,60,
Eritrea,2012,0,0,0,0,3.141192925,61,
Mexico,2012,0,0,0,0,2.97524706,62,
Argentina,2012,2,0,0,0,2.810898816,63,
Chile,2012,1,0,0,0,2.804168881,64,
Paraguay,2012,0,0,0,0,2.5643453,65,
El Salvador,2012,0,0,0,0,2.5643453,65,
Jordan,2012,1,1,0,0,2.541764584,67,
Serbia,2012,1,1,0,0,2.45014107,68,
Azerbaijan,2012,0,0,0,0,2.408456264,69,
Honduras,2012,0,0,0,0,2.408456264,69,
Venezuela,2012,0,0,0,0,2.408456264,69,
Madagascar,2012,2,0,1,0,2.364659954,72,
Angola,2012,0,0,0,0,2.364659954,72,
Sierra Leone,2012,1,1,1,0,2.364659954,72,
Guinea-Bissau,2012,1,1,0,0,2.269793175,75,
Senegal,2012,0,0,0,0,2.218148441,76,
Malaysia,2012,1,0,5,0,2.17728451,77,
Ireland,2012,1,0,0,0,2.119610324,78,
Kyrgyz Republic,2012,0,0,0,0,2.008383006,79,
Bosnia and Herzegovina,2012,0,0,0,0,1.973786701,80,
Cambodia,2012,1,0,3,0,1.9559553,81,
Moldova,2012,0,0,0,0,1.937748474,82,
Uzbekistan,2012,0,0,0,0,1.840478381,83,
Estonia,2012,0,0,0,0,1.819639004,84,
Bhutan,2012,0,0,0,0,1.71909842,85,
Japan,2012,0,0,0,0,1.682808103,86,
Austria,2012,0,0,0,0,1.520181983,87,
Switzerland,2012,0,0,0,0,1.520181983,87,
Sweden,2012,0,0,0,0,1.458384821,89,
Kuwait,2012,1,0,0,0,1.356526959,90,
Chad,2012,0,0,0,0,1.058311564,91,
Nicaragua,2012,0,0,0,0,1.058311564,91,
Panama,2012,0,0,0,0,1.058311564,91,
Bolivia,2012,0,0,0,0,0.950071442,94,
Canada,2012,0,0,0,0,0.890406939,95,
Uruguay,2012,0,0,0,0,0.890406939,95,
Belgium,2012,0,0,0,0,0.826318935,97,
Brazil,2012,0,0,0,0,0.826318935,97,
Cyprus,2012,0,0,0,0,0.826318935,97,
Denmark,2012,0,0,0,0,0.826318935,97,
Albania,2012,0,0,0,0,0.826318935,97,
Eswatini,2012,0,0,0,0,0.792401165,102,
Slovakia,2012,0,0,0,0,0.508313379,103,
Montenegro,2012,0,0,0,0,0.508313379,103,
Oman,2012,0,0,0,0,0.508313379,103,
Mozambique,2012,0,0,0,0,0.290978598,106,
Ecuador,2012,0,0,0,0,0.290978598,106,
Hungary,2012,0,0,0,0,0.290978598,106,
Jamaica,2012,0,0,0,0,0.290978598,106,
Finland,2012,0,0,0,0,0.226890594,110,
Armenia,2012,0,0,0,0,0.157670278,111,
Republic of the Congo,2012,0,0,0,0,0,112,
South Africa,2012,0,0,0,0,0,112,
Burkina Faso,2012,0,0,0,0,0,112,
New Zealand,2012,0,0,0,0,0,112,
Tanzania,2012,0,0,0,0,0,112,
Australia,2012,0,0,0,0,0,112,
Laos,2012,0,0,0,0,0,112,
Benin,2012,0,0,0,0,0,112,
Netherlands,2012,0,0,0,0,0,112,
Romania,2012,0,0,0,0,0,112,
Lithuania,2012,0,0,0,0,0,112,
Vietnam,2012,0,0,0,0,0,112,
Czech Republic,2012,0,0,0,0,0,112,
Gabon,2012,0,0,0,0,0,112,
Taiwan,2012,0,0,0,0,0,112,
Poland,2012,0,0,0,0,0,112,
Mauritius,2012,0,0,0,0,0,112,
Togo,2012,0,0,0,0,0,112,
United Arab Emirates,2012,0,0,0,0,0,112,
Botswana,2012,0,0,0,0,0,112,
Costa Rica,2012,0,0,0,0,0,112,
Cuba,2012,0,0,0,0,0,112,
Djibouti,2012,0,0,0,0,0,112,
Dominican Republic,2012,0,0,0,0,0,112,
Ghana,2012,0,0,0,0,0,112,
Guinea,2012,0,0,0,0,0,112,
The Gambia,2012,0,0,0,0,0,112,
Equatorial Guinea,2012,0,0,0,0,0,112,
Guyana,2012,0,0,0,0,0,112,
Croatia,2012,0,0,0,0,0,112,
Haiti,2012,0,0,0,0,0,112,
Iceland,2012,0,0,0,0,0,112,
South Korea,2012,0,0,0,0,0,112,
Liberia,2012,0,0,0,0,0,112,
Lesotho,2012,0,0,0,0,0,112,
Latvia,2012,0,0,0,0,0,112,
Macedonia (FYR),2012,0,0,0,0,0,112,
Mongolia,2012,0,0,0,0,0,112,
Malawi,2012,0,0,0,0,0,112,
Namibia,2012,0,0,0,0,0,112,
Papua New Guinea,2012,0,0,0,0,0,112,
North Korea,2012,0,0,0,0,0,112,
Portugal,2012,0,0,0,0,0,112,
Qatar,2012,0,0,0,0,0,112,
Singapore,2012,0,0,0,0,0,112,
South Sudan,2012,0,0,0,0,0,112,
Slovenia,2012,0,0,0,0,0,112,
Turkmenistan,2012,0,0,0,0,0,112,
Timor-Leste,2012,0,0,0,0,0,112,
Trinidad and Tobago,2012,0,0,0,0,0,112,
Zambia,2012,0,0,0,0,0,112,
Zimbabwe,2012,0,0,0,0,0,112,
Iraq,2013,1673,3980,9479,41,9.874781401,1,IRQ
Pakistan,2013,518,1503,3421,81,9.181259066,2,PAK
Afghanistan,2013,259,923,1232,42,8.935457856,3,AFG
Syria,2013,80,907,1012,4,8.445953206,4,SYR
Nigeria,2013,107,931,146,13,8.335604257,5,
Yemen,2013,201,316,444,13,7.983732085,6,YEM
Somalia,2013,152,264,366,6,7.820100334,7,
India,2013,199,241,294,37,7.700491117,8,
Thailand,2013,196,154,413,0,7.469150406,9,
Colombia,2013,217,140,291,19,7.378836375,10,
Russia,2013,141,132,299,0,7.373317078,11,
Philippines,2013,71,108,211,305,7.200142327,12,
Turkey,2013,13,56,140,4,7.015625579,13,
Kenya,2013,41,151,272,0,6.967738799,14,
Egypt,2013,91,132,376,4,6.792710322,15,
Algeria,2013,13,46,26,107,6.476253966,16,
Lebanon,2013,34,56,294,13,6.210585379,17,
Libya,2013,90,55,104,13,6.184142789,18,
Mali,2013,33,45,53,2,5.895912725,19,
Democratic Republic of the Congo,2013,2,40,0,0,5.74549817,20,
Iran,2013,7,21,0,0,5.488870324,21,
Israel,2013,33,1,1,0,5.313444395,22,
Myanmar,2013,9,6,11,0,5.213000407,23,
Indonesia,2013,10,13,4,0,5.123481964,24,
United States of America,2013,3,4,141,0,5.057204003,25,
Sudan,2013,4,12,19,0,5.05395337,26,
China,2013,4,8,49,0,4.986234864,27,
Norway,2013,0,0,0,0,4.976426151,28,
Tunisia,2013,14,22,9,0,4.916879074,29,
Peru,2013,9,4,6,18,4.719196682,30,
Ethiopia,2013,2,4,0,0,4.601608968,31,
United Kingdom,2013,29,1,1,0,4.58969235,32,
Nepal,2013,7,0,9,0,4.583671892,33,
Bangladesh,2013,14,3,19,0,4.520579161,34,
Bahrain,2013,20,2,34,0,4.488905173,35,
Palestine,2013,9,3,11,0,4.464983342,36,
Rwanda,2013,3,4,54,0,4.439871464,37,
Paraguay,2013,11,9,14,5,4.400781097,38,
Sri Lanka,2013,0,0,0,0,4.200714835,39,
Burundi,2013,0,0,0,0,4.138021283,40,
Greece,2013,13,2,3,0,4.122714825,41,
Uganda,2013,0,0,0,0,4.039408425,42,
Cote d' Ivoire,2013,2,2,4,0,3.980784377,43,
Belarus,2013,0,0,0,0,3.949012924,44,
Niger,2013,3,3,16,0,3.8307061,45,
France,2013,1,0,1,0,3.802418427,46,
Georgia,2013,1,1,1,0,3.760970259,47,
South Sudan,2013,2,6,7,0,3.747457604,48,
Tajikistan,2013,1,0,0,0,3.736033497,49,
Bulgaria,2013,0,0,0,0,3.661622681,50,
Central African Republic,2013,0,0,0,0,3.580201249,51,
Morocco,2013,0,0,0,0,3.436735081,52,
Kazakhstan,2013,0,0,0,0,3.365616207,53,
Ukraine,2013,2,0,0,0,3.327736036,54,
Guatemala,2013,0,0,0,0,3.29197239,55,
Chile,2013,3,2,0,0,3.228179992,56,
Kosovo,2013,4,0,2,0,3.13199292,57,
Cameroon,2013,1,0,0,7,3.079565214,58,
Kyrgyz Republic,2013,2,2,2,0,3.059684056,59,
Mozambique,2013,2,1,10,0,3.028978145,60,
Saudi Arabia,2013,0,0,0,0,3.002529836,61,
Italy,2013,0,0,0,0,2.657241503,62,
Venezuela,2013,1,1,0,0,2.649196866,63,
Germany,2013,0,0,0,0,2.641076691,64,
Mauritania,2013,0,0,0,0,2.612040169,65,
Argentina,2013,2,0,0,0,2.581994735,66,
Mexico,2013,1,0,0,0,2.555383641,67,
Eritrea,2013,0,0,0,0,2.527927612,68,
Madagascar,2013,3,0,0,0,2.489908641,69,
Spain,2013,0,0,0,0,2.38683533,70,
Serbia,2013,1,0,2,0,2.347647097,71,
El Salvador,2013,0,0,0,0,2.008383006,72,
Malaysia,2013,1,0,0,0,1.973786701,73,
Ireland,2013,1,0,0,0,1.946899801,74,
Jordan,2013,0,0,0,0,1.937748474,75,
Honduras,2013,0,0,0,0,1.860827374,76,
Bosnia and Herzegovina,2013,1,0,0,0,1.840478381,77,
Sierra Leone,2013,0,0,0,0,1.819639004,78,
Tanzania,2013,2,0,0,0,1.730864483,79,
Guinea-Bissau,2013,0,0,0,0,1.730864483,79,
Senegal,2013,0,0,0,0,1.682808103,81,
Angola,2013,0,0,0,0,1.657739905,82,
Azerbaijan,2013,0,0,0,0,1.520181983,83,
Croatia,2013,1,0,1,0,1.520181983,83,
Moldova,2013,0,0,0,0,1.425747276,85,
Cambodia,2013,0,0,0,0,1.425747276,85,
Uzbekistan,2013,0,0,0,0,1.338320133,87,
Estonia,2013,0,0,0,0,1.319721733,88,
Ecuador,2013,1,0,0,0,1.281280191,89,
Switzerland,2013,0,0,0,0,1.058311564,90,
Austria,2013,0,0,0,0,1.032494951,91,
Sweden,2013,0,0,0,0,0.950071442,92,
Kuwait,2013,0,0,0,0,0.890406939,93,
Chad,2013,0,0,0,0,0.68185185,94,
Nicaragua,2013,0,0,0,0,0.68185185,94,
Panama,2013,0,0,0,0,0.68185185,94,
Uruguay,2013,0,0,0,0,0.555070295,97,
Bolivia,2013,0,0,0,0,0.555070295,97,
Belgium,2013,0,0,0,0,0.508313379,99,
Brazil,2013,0,0,0,0,0.508313379,99,
Cyprus,2013,0,0,0,0,0.508313379,99,
Denmark,2013,0,0,0,0,0.508313379,99,
Albania,2013,0,0,0,0,0.508313379,99,
Canada,2013,0,0,0,0,0.406455517,104,
Slovakia,2013,0,0,0,0,0.290978598,105,
Bhutan,2013,0,0,0,0,0.290978598,105,
Montenegro,2013,0,0,0,0,0.290978598,105,
Oman,2013,0,0,0,0,0.290978598,105,
Hungary,2013,0,0,0,0,0.157670278,109,
Republic of the Congo,2013,0,0,0,0,0,110,
South Africa,2013,0,0,0,0,0,110,
Burkina Faso,2013,0,0,0,0,0,110,
New Zealand,2013,0,0,0,0,0,110,
Australia,2013,0,0,0,0,0,110,
Japan,2013,0,0,0,0,0,110,
Laos,2013,0,0,0,0,0,110,
Benin,2013,0,0,0,0,0,110,
Netherlands,2013,0,0,0,0,0,110,
Romania,2013,0,0,0,0,0,110,
Finland,2013,0,0,0,0,0,110,
Lithuania,2013,0,0,0,0,0,110,
Vietnam,2013,0,0,0,0,0,110,
Czech Republic,2013,0,0,0,0,0,110,
Gabon,2013,0,0,0,0,0,110,
Taiwan,2013,0,0,0,0,0,110,
Poland,2013,0,0,0,0,0,110,
Armenia,2013,0,0,0,0,0,110,
Mauritius,2013,0,0,0,0,0,110,
Togo,2013,0,0,0,0,0,110,
United Arab Emirates,2013,0,0,0,0,0,110,
Botswana,2013,0,0,0,0,0,110,
Costa Rica,2013,0,0,0,0,0,110,
Cuba,2013,0,0,0,0,0,110,
Djibouti,2013,0,0,0,0,0,110,
Dominican Republic,2013,0,0,0,0,0,110,
Ghana,2013,0,0,0,0,0,110,
Guinea,2013,0,0,0,0,0,110,
The Gambia,2013,0,0,0,0,0,110,
Equatorial Guinea,2013,0,0,0,0,0,110,
Guyana,2013,0,0,0,0,0,110,
Haiti,2013,0,0,0,0,0,110,
Iceland,2013,0,0,0,0,0,110,
Jamaica,2013,0,0,0,0,0,110,
South Korea,2013,0,0,0,0,0,110,
Liberia,2013,0,0,0,0,0,110,
Lesotho,2013,0,0,0,0,0,110,
Latvia,2013,0,0,0,0,0,110,
Macedonia (FYR),2013,0,0,0,0,0,110,
Mongolia,2013,0,0,0,0,0,110,
Malawi,2013,0,0,0,0,0,110,
Namibia,2013,0,0,0,0,0,110,
Papua New Guinea,2013,0,0,0,0,0,110,
North Korea,2013,0,0,0,0,0,110,
Portugal,2013,0,0,0,0,0,110,
Qatar,2013,0,0,0,0,0,110,
Singapore,2013,0,0,0,0,0,110,
Slovenia,2013,0,0,0,0,0,110,
Eswatini,2013,0,0,0,0,0,110,
Turkmenistan,2013,0,0,0,0,0,110,
Timor-Leste,2013,0,0,0,0,0,110,
Trinidad and Tobago,2013,0,0,0,0,0,110,
Zambia,2013,0,0,0,0,0,110,
Zimbabwe,2013,0,0,0,0,0,110,
Iraq,2014,1243,3206,6058,272,9.857795995,1,IRQ
Pakistan,2014,363,996,1705,26,9.001972501,2,PAK
Nigeria,2014,143,2101,834,365,8.920986418,3,
Afghanistan,2014,356,1143,1531,19,8.899861383,4,AFG
Syria,2014,44,545,423,43,8.306237304,5,SYR
Yemen,2014,145,432,286,2,7.97955827,6,YEM
Somalia,2014,116,256,183,3,7.678839117,7,
India,2014,121,168,190,25,7.488045843,8,
Thailand,2014,156,136,350,0,7.385031249,9,
Kenya,2014,49,222,315,22,7.25595736,10,
Egypt,2014,145,200,335,0,7.216263701,11,
Colombia,2014,112,59,232,14,7.127657501,12,
Russia,2014,64,44,48,0,6.959119855,13,
Philippines,2014,46,60,153,4,6.911213695,14,
Libya,2014,114,94,188,8,6.663061985,15,
Lebanon,2014,57,69,281,2,6.55179493,16,
Turkey,2014,10,7,5,9,6.469894278,17,
China,2014,11,72,332,0,6.275128911,18,
Cameroon,2014,15,120,16,13,6.176446614,19,
Algeria,2014,10,33,0,0,6.129568068,20,
Mali,2014,24,36,71,7,5.977053523,21,
Tunisia,2014,11,28,31,0,5.376763234,22,
Israel,2014,17,5,28,0,5.130618584,23,
Democratic Republic of the Congo,2014,1,0,6,0,5.063421084,24,
United States of America,2014,6,13,15,0,5.0277571,25,
Iran,2014,6,4,3,5,4.988129262,26,
Bahrain,2014,30,6,22,0,4.86982856,27,
Indonesia,2014,4,3,6,0,4.693357709,28,
Myanmar,2014,2,0,2,0,4.635591763,29,
Peru,2014,6,3,11,9,4.55202962,30,
Ethiopia,2014,1,9,0,0,4.531648654,31,
United Kingdom,2014,25,0,2,0,4.497052349,32,
Sudan,2014,1,1,4,0,4.476782851,33,
Niger,2014,1,12,0,0,4.383549298,34,
Norway,2014,0,0,0,0,4.379733631,35,
Saudi Arabia,2014,8,7,13,0,4.19329168,36,
Bangladesh,2014,4,2,2,0,4.185120353,37,
Palestine,2014,4,1,3,0,4.05624775,38,
Central African Republic,2014,1,6,10,0,4.054658058,39,
Chile,2014,15,0,17,0,3.945409617,40,
Tanzania,2014,8,5,10,0,3.927164377,41,
Paraguay,2014,3,0,0,0,3.902855102,42,
Nepal,2014,1,0,2,0,3.898100871,43,
Nicaragua,2014,1,5,24,0,3.897146881,44,
Rwanda,2014,0,0,0,0,3.807727175,45,
France,2014,3,0,16,0,3.736033497,46,
Madagascar,2014,1,1,33,0,3.731421261,47,
Turkmenistan,2014,2,6,0,0,3.609977947,48,
South Sudan,2014,2,2,0,0,3.599268308,49,
Mozambique,2014,3,2,11,0,3.588424375,50,
Greece,2014,3,0,0,0,3.580201249,51,
Burundi,2014,0,0,0,0,3.533520832,52,
Ukraine,2014,9,0,3,0,3.481093126,53,
Uganda,2014,0,0,0,0,3.446433788,54,
Cote d' Ivoire,2014,0,0,0,0,3.389978164,55,
Belarus,2014,0,0,0,0,3.358527706,56,
Tajikistan,2014,1,0,0,0,3.207239688,57,
Malaysia,2014,4,1,1,5,3.13199292,58,
Georgia,2014,0,0,0,0,3.101398437,59,
Belgium,2014,1,3,1,0,3.074637609,60,
Bulgaria,2014,0,0,0,0,3.074637609,60,
Canada,2014,2,2,1,0,2.887819917,62,
Morocco,2014,0,0,0,0,2.850214327,63,
Kosovo,2014,1,0,3,0,2.83730674,64,
Kazakhstan,2014,0,0,0,0,2.783659012,65,
Australia,2014,1,2,0,0,2.72646182,66,
Guatemala,2014,0,0,0,0,2.711551239,67,
Djibouti,2014,1,0,11,0,2.665211995,68,
Kyrgyz Republic,2014,0,0,0,0,2.485036559,69,
United Arab Emirates,2014,2,1,0,0,2.45014107,70,
Ireland,2014,3,0,0,0,2.318526761,71,
Germany,2014,1,0,0,0,2.282236444,72,
Italy,2014,0,0,0,0,2.049768525,73,
Angola,2014,2,0,0,0,2.016820071,74,
Argentina,2014,0,0,0,0,1.991257847,75,
Mauritania,2014,0,0,0,0,1.982566394,76,
Eritrea,2014,0,0,0,0,1.973786701,77,
Mexico,2014,0,0,0,0,1.8904803,78,
Spain,2014,2,0,0,0,1.840478381,79,
Venezuela,2014,0,0,0,0,1.798285023,80,
Serbia,2014,0,0,0,0,1.753926977,81,
Sri Lanka,2014,0,0,0,0,1.6187201,82,
Jordan,2014,0,0,0,0,1.425747276,83,
El Salvador,2014,0,0,0,0,1.338320133,84,
Bosnia and Herzegovina,2014,0,0,0,0,1.338320133,84,
Sierra Leone,2014,0,0,0,0,1.319721733,86,
Hungary,2014,1,0,0,0,1.24105004,87,
Guinea-Bissau,2014,0,0,0,0,1.24105004,87,
Macedonia (FYR),2014,1,0,0,0,1.24105004,87,
Azerbaijan,2014,0,0,0,0,1.058311564,90,
Croatia,2014,0,0,0,0,1.058311564,90,
Cambodia,2014,0,0,0,0,0.950071442,92,
Estonia,2014,0,0,0,0,0.890406939,93,
Ecuador,2014,0,0,0,0,0.826318935,94,
Switzerland,2014,0,0,0,0,0.68185185,95,
Kuwait,2014,0,0,0,0,0.508313379,96,
Senegal,2014,0,0,0,0,0.508313379,96,
Honduras,2014,0,0,0,0,0.508313379,96,
Chad,2014,0,0,0,0,0.406455517,99,
Sweden,2014,0,0,0,0,0.290978598,100,
Brazil,2014,0,0,0,0,0.290978598,100,
Cyprus,2014,0,0,0,0,0.290978598,100,
Denmark,2014,0,0,0,0,0.290978598,100,
Uzbekistan,2014,0,0,0,0,0.290978598,100,
Albania,2014,0,0,0,0,0.226890594,105,
Slovakia,2014,0,0,0,0,0.157670278,106,
Montenegro,2014,0,0,0,0,0.157670278,106,
Oman,2014,0,0,0,0,0.157670278,106,
Panama,2014,0,0,0,0,0.157670278,106,
Burkina Faso,2014,0,0,0,0,0,110,
New Zealand,2014,0,0,0,0,0,110,
Austria,2014,0,0,0,0,0,110,
Japan,2014,0,0,0,0,0,110,
Laos,2014,0,0,0,0,0,110,
Benin,2014,0,0,0,0,0,110,
Netherlands,2014,0,0,0,0,0,110,
Uruguay,2014,0,0,0,0,0,110,
South Africa,2014,0,0,0,0,0,110,
Romania,2014,0,0,0,0,0,110,
Finland,2014,0,0,0,0,0,110,
Lithuania,2014,0,0,0,0,0,110,
Vietnam,2014,0,0,0,0,0,110,
Czech Republic,2014,0,0,0,0,0,110,
Gabon,2014,0,0,0,0,0,110,
Taiwan,2014,0,0,0,0,0,110,
Poland,2014,0,0,0,0,0,110,
Armenia,2014,0,0,0,0,0,110,
Moldova,2014,0,0,0,0,0,110,
Mauritius,2014,0,0,0,0,0,110,
Togo,2014,0,0,0,0,0,110,
Bolivia,2014,0,0,0,0,0,110,
Bhutan,2014,0,0,0,0,0,110,
Botswana,2014,0,0,0,0,0,110,
Republic of the Congo,2014,0,0,0,0,0,110,
Costa Rica,2014,0,0,0,0,0,110,
Cuba,2014,0,0,0,0,0,110,
Dominican Republic,2014,0,0,0,0,0,110,
Ghana,2014,0,0,0,0,0,110,
Guinea,2014,0,0,0,0,0,110,
The Gambia,2014,0,0,0,0,0,110,
Equatorial Guinea,2014,0,0,0,0,0,110,
Guyana,2014,0,0,0,0,0,110,
Haiti,2014,0,0,0,0,0,110,
Iceland,2014,0,0,0,0,0,110,
Jamaica,2014,0,0,0,0,0,110,
South Korea,2014,0,0,0,0,0,110,
Liberia,2014,0,0,0,0,0,110,
Lesotho,2014,0,0,0,0,0,110,
Latvia,2014,0,0,0,0,0,110,
Mongolia,2014,0,0,0,0,0,110,
Malawi,2014,0,0,0,0,0,110,
Namibia,2014,0,0,0,0,0,110,
Papua New Guinea,2014,0,0,0,0,0,110,
North Korea,2014,0,0,0,0,0,110,
Portugal,2014,0,0,0,0,0,110,
Qatar,2014,0,0,0,0,0,110,
Singapore,2014,0,0,0,0,0,110,
Slovenia,2014,0,0,0,0,0,110,
Eswatini,2014,0,0,0,0,0,110,
Timor-Leste,2014,0,0,0,0,0,110,
Trinidad and Tobago,2014,0,0,0,0,0,110,
Zambia,2014,0,0,0,0,0,110,
Zimbabwe,2014,0,0,0,0,0,110,
Iraq,2015,868,2974,4807,288,9.79372633,1,IRQ
Nigeria,2015,138,2003,1846,8,9.112269511,2,
Afghanistan,2015,312,1008,1835,361,8.864294012,3,AFG
Pakistan,2015,294,658,1004,35,8.749125366,4,PAK
Yemen,2015,93,458,748,13,8.040714765,5,YEM
Syria,2015,30,226,450,201,8.025665068,6,SYR
Egypt,2015,257,481,647,41,7.839074178,7,
Somalia,2015,99,335,247,5,7.6986338,8,
Turkey,2015,224,286,933,44,7.503475289,9,
India,2015,169,135,241,336,7.432510613,10,
Cameroon,2015,44,292,876,122,7.394734608,11,
Kenya,2015,30,205,142,1,7.272043998,12,
Thailand,2015,131,83,415,0,7.245110641,13,
Libya,2015,80,234,181,91,7.182860501,14,
Colombia,2015,190,103,158,7,7.102306592,15,
Mali,2015,85,181,204,18,6.884358508,16,
Chad,2015,16,172,416,30,6.736976178,17,
France,2015,10,145,445,15,6.654602759,18,
Niger,2015,25,202,50,0,6.64669567,19,
Philippines,2015,44,38,148,12,6.636950078,20,
China,2015,6,126,109,0,6.618601375,21,
Lebanon,2015,12,60,284,4,6.594471488,22,
Russia,2015,24,11,25,0,6.396452922,23,
Tunisia,2015,19,99,106,0,6.284296299,24,
Saudi Arabia,2015,17,60,113,0,5.858691864,25,
Algeria,2015,12,22,14,0,5.794740634,26,
Palestine,2015,106,17,134,6,5.75189285,27,
Kuwait,2015,1,27,227,0,5.57008094,28,
Israel,2015,45,9,123,0,5.548433818,29,
Bangladesh,2015,24,17,137,0,5.406431664,30,
Ukraine,2015,56,10,125,2,5.384660936,31,
United States of America,2015,4,26,28,0,5.329622954,32,
Democratic Republic of the Congo,2015,7,24,8,19,5.29922421,33,
Iran,2015,10,28,10,4,5.268695571,34,
Central African Republic,2015,6,30,21,8,5.172244048,35,
Burundi,2015,12,20,80,0,5.149441343,36,
Indonesia,2015,8,10,3,0,4.731286752,37,
United Kingdom,2015,25,1,8,0,4.527974544,38,
Bahrain,2015,3,2,9,0,4.505123485,39,
Myanmar,2015,6,6,14,0,4.499909594,40,
Peru,2015,3,7,6,0,4.491309379,41,
Sudan,2015,7,5,11,3,4.475316687,42,
Paraguay,2015,8,9,0,1,4.386806523,43,
Ethiopia,2015,2,1,24,0,4.300853799,44,
South Sudan,2015,6,1,0,31,4.072765431,45,
Macedonia (FYR),2015,1,5,30,0,3.997943517,46,
Chile,2015,12,0,0,0,3.851079063,47,
Norway,2015,0,0,0,0,3.784120957,48,
Tanzania,2015,5,0,5,0,3.69119111,49,
Turkmenistan,2015,1,3,2,0,3.651537525,50,
Germany,2015,3,5,1,0,3.628406486,51,
Burkina Faso,2015,3,4,3,1,3.4717775,52,
Bosnia and Herzegovina,2015,3,3,7,0,3.413672586,53,
Nepal,2015,2,0,0,0,3.367379291,54,
Jordan,2015,2,4,0,0,3.336906772,55,
Nicaragua,2015,0,0,0,0,3.307211416,56,
Uganda,2015,2,3,4,0,3.24457465,57,
Greece,2015,3,0,1,0,3.152556982,58,
Madagascar,2015,0,0,0,0,3.13199292,59,
Rwanda,2015,0,0,0,0,3.13199292,59,
Sweden,2015,1,3,1,0,3.064697359,61,
Denmark,2015,2,2,5,0,3.064697359,61,
Mozambique,2015,0,0,0,0,3.002529836,63,
Cote d' Ivoire,2015,0,0,0,0,2.807540395,64,
Malaysia,2015,1,0,0,2,2.804168881,65,
Australia,2015,1,1,0,0,2.783659012,66,
Belarus,2015,0,0,0,0,2.773218736,67,
Belgium,2015,2,0,0,0,2.762650878,68,
Mexico,2015,5,0,0,0,2.573215042,69,
Bulgaria,2015,0,0,0,0,2.499571226,70,
Canada,2015,1,0,0,0,2.489908641,71,
Venezuela,2015,1,1,0,0,2.460255715,72,
Georgia,2015,0,0,0,0,2.439906722,73,
Kosovo,2015,1,0,0,0,2.318526761,74,
Morocco,2015,0,0,0,0,2.282236444,75,
United Arab Emirates,2015,1,0,1,0,2.269793175,76,
Kazakhstan,2015,0,0,0,0,2.218148441,77,
Djibouti,2015,0,0,0,0,2.104570079,78,
Italy,2015,2,0,0,0,2.096950714,79,
Guatemala,2015,0,0,0,0,2.04164835,80,
Kyrgyz Republic,2015,0,0,0,0,1.819639004,81,
Ireland,2015,0,0,0,0,1.730864483,82,
Brazil,2015,2,0,0,0,1.730864483,82,
Czech Republic,2015,2,0,0,0,1.730864483,82,
South Korea,2015,1,0,1,0,1.520181983,85,
Mauritania,2015,0,0,0,0,1.408954665,86,
Ecuador,2015,1,0,0,0,1.391829506,87,
Spain,2015,0,0,0,0,1.281280191,88,
Uzbekistan,2015,1,0,0,0,1.281280191,88,
Japan,2015,1,0,0,0,1.24105004,90,
South Africa,2015,1,0,0,0,1.24105004,90,
Angola,2015,0,0,0,0,1.24105004,90,
Serbia,2015,0,0,0,0,1.24105004,90,
Argentina,2015,0,0,0,0,1.154498636,94,
Tajikistan,2015,0,0,0,0,1.10774172,95,
Sierra Leone,2015,0,0,0,0,0.890406939,96,
Hungary,2015,0,0,0,0,0.826318935,97,
Guinea-Bissau,2015,0,0,0,0,0.826318935,97,
Sri Lanka,2015,0,0,0,0,0.757098619,99,
Azerbaijan,2015,0,0,0,0,0.68185185,100,
Croatia,2015,0,0,0,0,0.68185185,100,
Cambodia,2015,0,0,0,0,0.599428341,102,
Estonia,2015,0,0,0,0,0.555070295,103,
Switzerland,2015,0,0,0,0,0.406455517,104,
Cyprus,2015,0,0,0,0,0.157670278,105,
New Zealand,2015,0,0,0,0,0,106,
Austria,2015,0,0,0,0,0,106,
Senegal,2015,0,0,0,0,0,106,
Laos,2015,0,0,0,0,0,106,
Benin,2015,0,0,0,0,0,106,
Netherlands,2015,0,0,0,0,0,106,
Uruguay,2015,0,0,0,0,0,106,
Romania,2015,0,0,0,0,0,106,
Finland,2015,0,0,0,0,0,106,
Lithuania,2015,0,0,0,0,0,106,
Vietnam,2015,0,0,0,0,0,106,
Gabon,2015,0,0,0,0,0,106,
Taiwan,2015,0,0,0,0,0,106,
Poland,2015,0,0,0,0,0,106,
Armenia,2015,0,0,0,0,0,106,
Moldova,2015,0,0,0,0,0,106,
Mauritius,2015,0,0,0,0,0,106,
Togo,2015,0,0,0,0,0,106,
Albania,2015,0,0,0,0,0,106,
Bolivia,2015,0,0,0,0,0,106,
Bhutan,2015,0,0,0,0,0,106,
Botswana,2015,0,0,0,0,0,106,
Republic of the Congo,2015,0,0,0,0,0,106,
Costa Rica,2015,0,0,0,0,0,106,
Cuba,2015,0,0,0,0,0,106,
Dominican Republic,2015,0,0,0,0,0,106,
Eritrea,2015,0,0,0,0,0,106,
Ghana,2015,0,0,0,0,0,106,
Guinea,2015,0,0,0,0,0,106,
The Gambia,2015,0,0,0,0,0,106,
Equatorial Guinea,2015,0,0,0,0,0,106,
Guyana,2015,0,0,0,0,0,106,
Honduras,2015,0,0,0,0,0,106,
Haiti,2015,0,0,0,0,0,106,
Iceland,2015,0,0,0,0,0,106,
Jamaica,2015,0,0,0,0,0,106,
Liberia,2015,0,0,0,0,0,106,
Lesotho,2015,0,0,0,0,0,106,
Latvia,2015,0,0,0,0,0,106,
Montenegro,2015,0,0,0,0,0,106,
Mongolia,2015,0,0,0,0,0,106,
Malawi,2015,0,0,0,0,0,106,
Namibia,2015,0,0,0,0,0,106,
Oman,2015,0,0,0,0,0,106,
Panama,2015,0,0,0,0,0,106,
Papua New Guinea,2015,0,0,0,0,0,106,
North Korea,2015,0,0,0,0,0,106,
Portugal,2015,0,0,0,0,0,106,
Qatar,2015,0,0,0,0,0,106,
Singapore,2015,0,0,0,0,0,106,
El Salvador,2015,0,0,0,0,0,106,
Slovakia,2015,0,0,0,0,0,106,
Slovenia,2015,0,0,0,0,0,106,
Eswatini,2015,0,0,0,0,0,106,
Timor-Leste,2015,0,0,0,0,0,106,
Trinidad and Tobago,2015,0,0,0,0,0,106,
Zambia,2015,0,0,0,0,0,106,
Zimbabwe,2015,0,0,0,0,0,106,
Iraq,2016,1545,4514,4514,20,10,1,IRQ
Nigeria,2016,147,518,518,108,8.760688412,2,
Afghanistan,2016,179,643,643,153,8.713573211,3,AFG
Pakistan,2016,247,631,631,31,8.600831189,4,PAK
Somalia,2016,292,760,760,4,8.18490876,5,
Turkey,2016,247,591,591,7,8.173357275,6,
Syria,2016,26,531,531,0,8.098809039,7,SYR
Egypt,2016,221,349,349,0,7.892519323,8,
Yemen,2016,52,342,342,0,7.889900965,9,YEM
India,2016,250,216,216,4,7.520602762,10,
Cameroon,2016,35,148,148,5,7.26428119,11,
Thailand,2016,152,67,67,0,7.107054162,12,
Mali,2016,93,144,144,5,7.040009859,13,
Kenya,2016,35,54,54,4,6.909281001,14,
Libya,2016,12,81,81,0,6.899552206,15,
France,2016,9,90,90,0,6.830356595,16,
Colombia,2016,104,44,44,13,6.821868204,17,
Philippines,2016,62,91,91,32,6.775703909,18,
Niger,2016,18,108,108,1,6.675290324,19,
Chad,2016,5,11,11,0,6.277140694,20,
Lebanon,2016,12,13,13,0,6.175419829,21,
China,2016,2,3,3,0,6.054938254,22,
Tunisia,2016,12,28,28,1,6.034786069,23,
Russia,2016,23,19,19,0,6.029369731,24,
United States of America,2016,8,49,49,0,5.880445725,25,
Palestine,2016,92,6,6,0,5.820829387,26,
Belgium,2016,5,32,32,0,5.773636587,27,
Saudi Arabia,2016,29,22,22,0,5.754013944,28,
Bangladesh,2016,24,42,42,0,5.750886302,29,
Burkina Faso,2016,6,53,53,2,5.61260263,30,
Israel,2016,25,9,9,0,5.433179104,31,
Algeria,2016,6,11,11,0,5.345504394,32,
Central African Republic,2016,1,14,14,0,5.297713655,33,
Germany,2016,29,15,15,0,5.201882245,34,
Democratic Republic of the Congo,2016,3,4,4,3,5.024652847,35,
Kuwait,2016,1,0,0,0,4.980799319,36,
United Kingdom,2016,44,6,6,0,4.965950375,37,
Ukraine,2016,12,1,1,0,4.935464983,38,
Iran,2016,2,5,5,0,4.851027987,39,
Indonesia,2016,10,8,8,0,4.804834041,40,
Cote d' Ivoire,2016,1,19,19,0,4.779746186,41,
Jordan,2016,3,16,16,0,4.746076053,42,
Myanmar,2016,9,10,10,0,4.607086355,43,
Burundi,2016,2,0,0,0,4.521970621,44,
Peru,2016,1,10,10,0,4.519650276,45,
Paraguay,2016,5,8,8,1,4.467454885,46,
Madagascar,2016,1,2,2,0,4.438851662,47,
Mozambique,2016,8,7,7,0,4.426001614,48,
Bahrain,2016,9,3,3,0,4.384093021,49,
Laos,2016,4,11,11,0,4.274728827,50,
Chile,2016,23,0,0,0,4.137298515,51,
Kazakhstan,2016,2,10,10,0,4.040217776,52,
Sudan,2016,0,0,0,0,3.82137931,53,
Ethiopia,2016,0,0,0,0,3.700826778,54,
South Sudan,2016,0,0,0,0,3.481093126,55,
Malaysia,2016,4,0,0,9,3.438359104,56,
Nepal,2016,10,0,0,0,3.436735081,57,
Macedonia (FYR),2016,0,0,0,0,3.406968736,58,
Greece,2016,9,0,0,0,3.365616207,59,
Mexico,2016,6,1,1,0,3.219864618,60,
Tanzania,2016,1,0,0,0,3.177044371,61,
Austria,2016,2,2,2,0,3.141192925,62,
Turkmenistan,2016,0,0,0,0,3.064697359,63,
Kosovo,2016,6,0,0,0,2.850214327,64,
Bosnia and Herzegovina,2016,0,0,0,0,2.824203575,65,
Sweden,2016,2,0,0,0,2.755533206,66,
Canada,2016,3,0,0,0,2.741119667,67,
Nicaragua,2016,0,0,0,0,2.72646182,68,
Uganda,2016,0,0,0,0,2.665211995,69,
Australia,2016,2,0,0,0,2.632879546,70,
Georgia,2016,1,0,0,0,2.590686188,71,
Rwanda,2016,0,0,0,0,2.555383641,72,
Denmark,2016,0,0,0,0,2.489908641,73,
Italy,2016,4,0,0,0,2.485036559,74,
Kyrgyz Republic,2016,2,0,0,0,2.38683533,75,
Venezuela,2016,1,0,0,0,2.163222537,76,
Bulgaria,2016,0,0,0,0,1.937748474,77,
Hungary,2016,1,0,0,0,1.819639004,78,
Brazil,2016,1,0,0,0,1.730864483,79,
United Arab Emirates,2016,0,0,0,0,1.730864483,79,
Czech Republic,2016,1,0,0,0,1.730864483,79,
Ireland,2016,1,0,0,0,1.707170061,82,
Djibouti,2016,0,0,0,0,1.577856169,83,
Spain,2016,1,0,0,0,1.520181983,84,
Poland,2016,1,0,0,0,1.520181983,84,
Guatemala,2016,0,0,0,0,1.520181983,84,
Argentina,2016,1,0,0,0,1.458384821,87,
Cyprus,2016,1,0,0,0,1.24105004,88,
Armenia,2016,1,0,0,0,1.24105004,88,
Azerbaijan,2016,1,0,0,0,1.24105004,88,
Moldova,2016,1,0,0,0,1.24105004,88,
Mauritius,2016,1,0,0,0,1.24105004,88,
South Korea,2016,0,0,0,0,1.058311564,93,
Ecuador,2016,0,0,0,0,0.950071442,94,
Japan,2016,0,0,0,0,0.826318935,95,
South Africa,2016,0,0,0,0,0.826318935,95,
Angola,2016,0,0,0,0,0.826318935,95,
Uzbekistan,2016,0,0,0,0,0.826318935,95,
Serbia,2016,0,0,0,0,0.826318935,95,
Tajikistan,2016,0,0,0,0,0.68185185,100,
Sierra Leone,2016,0,0,0,0,0.555070295,101,
Guinea-Bissau,2016,0,0,0,0,0.508313379,102,
Sri Lanka,2016,0,0,0,0,0.458883223,103,
Croatia,2016,0,0,0,0,0.406455517,104,
Cambodia,2016,0,0,0,0,0.350643101,105,
Switzerland,2016,0,0,0,0,0,106,
New Zealand,2016,0,0,0,0,0,106,
Senegal,2016,0,0,0,0,0,106,
Benin,2016,0,0,0,0,0,106,
Netherlands,2016,0,0,0,0,0,106,
Uruguay,2016,0,0,0,0,0,106,
Morocco,2016,0,0,0,0,0,106,
Norway,2016,0,0,0,0,0,106,
Romania,2016,0,0,0,0,0,106,
Finland,2016,0,0,0,0,0,106,
Lithuania,2016,0,0,0,0,0,106,
Mauritania,2016,0,0,0,0,0,106,
Vietnam,2016,0,0,0,0,0,106,
Gabon,2016,0,0,0,0,0,106,
Taiwan,2016,0,0,0,0,0,106,
Togo,2016,0,0,0,0,0,106,
Albania,2016,0,0,0,0,0,106,
Belarus,2016,0,0,0,0,0,106,
Bolivia,2016,0,0,0,0,0,106,
Bhutan,2016,0,0,0,0,0,106,
Botswana,2016,0,0,0,0,0,106,
Republic of the Congo,2016,0,0,0,0,0,106,
Costa Rica,2016,0,0,0,0,0,106,
Cuba,2016,0,0,0,0,0,106,
Dominican Republic,2016,0,0,0,0,0,106,
Eritrea,2016,0,0,0,0,0,106,
Estonia,2016,0,0,0,0,0,106,
Ghana,2016,0,0,0,0,0,106,
Guinea,2016,0,0,0,0,0,106,
The Gambia,2016,0,0,0,0,0,106,
Equatorial Guinea,2016,0,0,0,0,0,106,
Guyana,2016,0,0,0,0,0,106,
Honduras,2016,0,0,0,0,0,106,
Haiti,2016,0,0,0,0,0,106,
Iceland,2016,0,0,0,0,0,106,
Jamaica,2016,0,0,0,0,0,106,
Liberia,2016,0,0,0,0,0,106,
Lesotho,2016,0,0,0,0,0,106,
Latvia,2016,0,0,0,0,0,106,
Montenegro,2016,0,0,0,0,0,106,
Mongolia,2016,0,0,0,0,0,106,
Malawi,2016,0,0,0,0,0,106,
Namibia,2016,0,0,0,0,0,106,
Oman,2016,0,0,0,0,0,106,
Panama,2016,0,0,0,0,0,106,
Papua New Guinea,2016,0,0,0,0,0,106,
North Korea,2016,0,0,0,0,0,106,
Portugal,2016,0,0,0,0,0,106,
Qatar,2016,0,0,0,0,0,106,
Singapore,2016,0,0,0,0,0,106,
El Salvador,2016,0,0,0,0,0,106,
Slovakia,2016,0,0,0,0,0,106,
Slovenia,2016,0,0,0,0,0,106,
Eswatini,2016,0,0,0,0,0,106,
Timor-Leste,2016,0,0,0,0,0,106,
Trinidad and Tobago,2016,0,0,0,0,0,106,
Zambia,2016,0,0,0,0,0,106,
Zimbabwe,2016,0,0,0,0,0,106,
Iraq,2017,1194,1732,3708,69,9.742263973,1,IRQ
Afghanistan,2017,314,1256,2168,74,8.852158257,2,AFG
Somalia,2017,439,1535,1205,24,8.735835876,3,
Nigeria,2017,186,794,798,99,8.643886656,4,
Pakistan,2017,259,632,1465,22,8.525636808,5,PAK
Egypt,2017,160,703,601,9,8.179634881,6,
Syria,2017,25,376,545,0,7.963508012,7,SYR
Turkey,2017,113,154,307,4,7.834440008,8,
India,2017,432,243,483,38,7.711424486,9,
Mali,2017,191,296,404,47,7.505051778,10,
Yemen,2017,44,120,129,0,7.497006727,11,YEM
Cameroon,2017,87,170,194,33,7.274045966,12,
Philippines,2017,154,129,278,66,7.054331954,13,
Kenya,2017,59,143,77,16,6.959313553,14,
Thailand,2017,92,51,236,4,6.901270062,15,
Colombia,2017,95,57,200,4,6.737977426,16,
United States of America,2017,20,74,547,0,6.614035211,17,
Niger,2017,14,74,63,40,6.592613173,18,
Libya,2017,14,15,57,12,6.453414987,19,
France,2017,41,3,17,0,6.341824367,20,
Burkina Faso,2017,60,72,65,7,6.219222904,21,
United Kingdom,2017,64,37,218,0,6.026364015,22,
Russia,2017,12,30,78,0,5.882946794,23,
Chad,2017,1,9,20,0,5.814926345,24,
Ethiopia,2017,30,54,74,0,5.738034244,25,
Palestine,2017,50,13,36,0,5.736783969,26,
Lebanon,2017,4,3,8,0,5.638090911,27,
China,2017,4,10,8,0,5.623173678,28,
Tunisia,2017,16,5,17,0,5.618230507,29,
Bangladesh,2017,20,11,57,0,5.593618784,30,
Israel,2017,45,5,29,0,5.363029185,31,
Saudi Arabia,2017,6,5,15,0,5.336877965,32,
Belgium,2017,6,0,1,0,5.219437839,33,
Iran,2017,7,17,47,0,5.168741088,34,
Burundi,2017,4,13,97,0,5.15190546,35,
Spain,2017,3,16,136,0,5.146520125,36,
Algeria,2017,8,7,16,0,5.032906221,37,
Indonesia,2017,17,6,29,0,4.879077764,38,
Germany,2017,16,1,8,0,4.868587825,39,
Myanmar,2017,5,15,5,0,4.834719718,40,
Mozambique,2017,8,12,15,4,4.792720021,41,
Nepal,2017,53,1,31,0,4.776644716,42,
Central African Republic,2017,0,0,0,0,4.697529046,43,
Ukraine,2017,6,3,5,0,4.604141304,44,
Bahrain,2017,14,4,25,0,4.585396304,45,
Chile,2017,37,0,6,0,4.529354165,46,
Kuwait,2017,0,0,0,0,4.383549298,47,
Democratic Republic of the Congo,2017,0,0,0,0,4.350283954,48,
Canada,2017,8,6,25,0,4.245878838,49,
Peru,2017,2,4,0,0,4.233028791,50,
Greece,2017,29,0,8,0,4.208740807,51,
Cote d' Ivoire,2017,0,0,0,0,4.155896916,52,
Jordan,2017,0,0,0,0,4.147362712,53,
Mexico,2017,8,5,1,0,3.950808962,54,
Paraguay,2017,1,0,0,0,3.903802819,55,
Madagascar,2017,0,0,0,0,3.841970576,56,
Sweden,2017,8,4,2,0,3.787378182,57,
Laos,2017,0,0,0,0,3.681446868,58,
Sudan,2017,3,2,0,0,3.613960113,59,
Kazakhstan,2017,0,0,0,0,3.446433788,60,
Argentina,2017,9,0,3,0,3.11329398,61,
Finland,2017,1,2,8,0,3.103790672,62,
Macedonia (FYR),2017,1,0,0,0,2.923858144,63,
Australia,2017,1,1,3,0,2.900000291,64,
South Sudan,2017,0,0,0,0,2.896971243,65,
Malaysia,2017,0,0,0,0,2.843784615,66,
Italy,2017,5,0,0,0,2.783659012,67,
Tanzania,2017,0,0,0,0,2.599291157,68,
Austria,2017,0,0,0,0,2.5643453,69,
Turkmenistan,2017,0,0,0,0,2.489908641,70,
Tajikistan,2017,1,1,0,0,2.306598402,71,
Netherlands,2017,1,1,0,0,2.269793175,72,
Bosnia and Herzegovina,2017,0,0,0,0,2.257168246,73,
Kosovo,2017,0,0,0,0,2.244356274,74,
Nicaragua,2017,0,0,0,0,2.163222537,75,
Uganda,2017,0,0,0,0,2.104570079,76,
Czech Republic,2017,2,0,0,0,2.04164835,77,
Denmark,2017,0,0,0,0,1.937748474,78,
Rwanda,2017,0,0,0,0,1.937748474,78,
Kyrgyz Republic,2017,0,0,0,0,1.840478381,80,
Georgia,2017,0,0,0,0,1.742472607,81,
Uruguay,2017,2,0,0,0,1.730864483,82,
Cyprus,2017,1,0,1,0,1.730864483,82,
Gabon,2017,1,0,2,0,1.730864483,82,
Venezuela,2017,0,0,0,0,1.631923292,85,
Sri Lanka,2017,1,0,1,0,1.520181983,86,
Taiwan,2017,1,0,1,0,1.520181983,86,
Hungary,2017,0,0,0,0,1.319721733,88,
Switzerland,2017,1,0,0,0,1.24105004,89,
Brazil,2017,0,0,0,0,1.24105004,89,
Norway,2017,1,0,0,0,1.24105004,89,
United Arab Emirates,2017,0,0,0,0,1.24105004,89,
Ireland,2017,0,0,0,0,1.198856682,93,
Djibouti,2017,0,0,0,0,1.10774172,94,
Poland,2017,0,0,0,0,1.058311564,95,
Armenia,2017,0,0,0,0,0.826318935,96,
Azerbaijan,2017,0,0,0,0,0.826318935,96,
Moldova,2017,0,0,0,0,0.826318935,96,
Mauritius,2017,0,0,0,0,0.826318935,96,
South Korea,2017,0,0,0,0,0.68185185,100,
Ecuador,2017,0,0,0,0,0.599428341,101,
South Africa,2017,0,0,0,0,0.508313379,102,
Angola,2017,0,0,0,0,0.508313379,102,
Japan,2017,0,0,0,0,0.508313379,102,
Uzbekistan,2017,0,0,0,0,0.508313379,102,
Serbia,2017,0,0,0,0,0.290978598,106,
Croatia,2017,0,0,0,0,0.226890594,107,
Senegal,2017,0,0,0,0,0,108,
Morocco,2017,0,0,0,0,0,108,
Romania,2017,0,0,0,0,0,108,
Mauritania,2017,0,0,0,0,0,108,
Vietnam,2017,0,0,0,0,0,108,
New Zealand,2017,0,0,0,0,0,108,
Benin,2017,0,0,0,0,0,108,
Lithuania,2017,0,0,0,0,0,108,
Togo,2017,0,0,0,0,0,108,
Albania,2017,0,0,0,0,0,108,
Bulgaria,2017,0,0,0,0,0,108,
Belarus,2017,0,0,0,0,0,108,
Bolivia,2017,0,0,0,0,0,108,
Bhutan,2017,0,0,0,0,0,108,
Botswana,2017,0,0,0,0,0,108,
Republic of the Congo,2017,0,0,0,0,0,108,
Costa Rica,2017,0,0,0,0,0,108,
Cuba,2017,0,0,0,0,0,108,
Dominican Republic,2017,0,0,0,0,0,108,
Eritrea,2017,0,0,0,0,0,108,
Estonia,2017,0,0,0,0,0,108,
Ghana,2017,0,0,0,0,0,108,
Guinea,2017,0,0,0,0,0,108,
The Gambia,2017,0,0,0,0,0,108,
Guinea-Bissau,2017,0,0,0,0,0,108,
Equatorial Guinea,2017,0,0,0,0,0,108,
Guatemala,2017,0,0,0,0,0,108,
Guyana,2017,0,0,0,0,0,108,
Honduras,2017,0,0,0,0,0,108,
Haiti,2017,0,0,0,0,0,108,
Iceland,2017,0,0,0,0,0,108,
Jamaica,2017,0,0,0,0,0,108,
Cambodia,2017,0,0,0,0,0,108,
Liberia,2017,0,0,0,0,0,108,
Lesotho,2017,0,0,0,0,0,108,
Latvia,2017,0,0,0,0,0,108,
Montenegro,2017,0,0,0,0,0,108,
Mongolia,2017,0,0,0,0,0,108,
Malawi,2017,0,0,0,0,0,108,
Namibia,2017,0,0,0,0,0,108,
Oman,2017,0,0,0,0,0,108,
Panama,2017,0,0,0,0,0,108,
Papua New Guinea,2017,0,0,0,0,0,108,
North Korea,2017,0,0,0,0,0,108,
Portugal,2017,0,0,0,0,0,108,
Qatar,2017,0,0,0,0,0,108,
Singapore,2017,0,0,0,0,0,108,
Sierra Leone,2017,0,0,0,0,0,108,
El Salvador,2017,0,0,0,0,0,108,
Slovakia,2017,0,0,0,0,0,108,
Slovenia,2017,0,0,0,0,0,108,
Eswatini,2017,0,0,0,0,0,108,
Timor-Leste,2017,0,0,0,0,0,108,
Trinidad and Tobago,2017,0,0,0,0,0,108,
Zambia,2017,0,0,0,0,0,108,
Zimbabwe,2017,0,0,0,0,0,108,
Iraq,2018,967,1083,1909,98,9.421871014,1,IRQ
Afghanistan,2018,379,1624,2882,466,9.066528918,2,AFG
Somalia,2018,408,833,819,15,8.67458,3,
Nigeria,2018,151,642,611,259,8.506472221,4,
Pakistan,2018,222,502,1014,3,8.373673144,5,PAK
India,2018,542,312,484,66,7.895785847,6,
Egypt,2018,117,185,174,0,7.851519019,7,
Syria,2018,26,323,393,0,7.821796146,8,SYR
Mali,2018,207,340,336,30,7.708183406,9,
Cameroon,2018,276,279,287,293,7.623656579,10,
Turkey,2018,66,66,93,0,7.410756335,11,
Philippines,2018,189,124,332,64,7.195733111,12,
Yemen,2018,45,92,145,18,7.185718757,13,YEM
Colombia,2018,233,131,185,49,7.059324909,14,
Burkina Faso,2018,137,144,140,33,6.852426262,15,
Libya,2018,32,113,262,31,6.764720632,16,
Kenya,2018,35,57,58,0,6.675943301,17,
Thailand,2018,100,35,115,0,6.661657848,18,
Niger,2018,26,63,77,70,6.548820157,19,
Mozambique,2018,52,141,43,3,6.443123287,20,
United States of America,2018,9,14,14,0,6.149910343,21,
Iran,2018,16,61,120,14,6.009186773,22,
France,2018,26,10,39,8,5.9908987,23,
Indonesia,2018,27,61,34,0,5.846154097,24,
Chad,2018,5,40,13,10,5.836680692,25,
United Kingdom,2018,46,1,22,0,5.690406115,26,
Palestine,2018,52,10,40,1,5.673072112,27,
Tunisia,2018,18,16,37,0,5.523178424,28,
Tajikistan,2018,2,56,3,0,5.466773648,29,
Russia,2018,14,8,17,0,5.426040065,30,
Israel,2018,52,3,35,0,5.365304265,31,
Nepal,2018,78,3,20,0,5.253912437,32,
Ethiopia,2018,2,0,2,0,5.158146256,33,
Venezuela,2018,5,34,19,0,5.128322877,34,
Chile,2018,81,1,7,0,5.122556805,35,
Algeria,2018,8,18,15,0,5.113016419,36,
Lebanon,2018,2,4,2,0,5.071068706,37,
Bangladesh,2018,2,1,1,0,5.033162874,38,
China,2018,0,0,0,0,5.011334025,39,
Saudi Arabia,2018,2,6,4,0,4.961780013,40,
Germany,2018,47,0,2,0,4.913349305,41,
Myanmar,2018,7,5,34,0,4.795426728,42,
Belgium,2018,2,3,3,1,4.778713598,43,
Canada,2018,2,12,27,0,4.71438713,44,
Spain,2018,2,0,0,0,4.577609227,45,
Burundi,2018,0,0,0,0,4.554711148,46,
Greece,2018,32,0,9,0,4.491789419,47,
Ecuador,2018,8,6,39,2,4.334311083,48,
Ukraine,2018,8,1,7,0,4.329113652,49,
Peru,2018,4,4,10,0,4.217352368,50,
Central African Republic,2018,0,0,0,0,4.101875449,51,
Bahrain,2018,0,0,0,0,3.952601279,52,
Jordan,2018,1,2,5,0,3.904749499,53,
Mexico,2018,7,1,0,0,3.796004611,54,
Kuwait,2018,0,0,0,0,3.78954287,55,
Paraguay,2018,3,1,2,4,3.676533262,56,
Democratic Republic of the Congo,2018,0,0,0,0,3.607312946,57,
Italy,2018,12,0,7,0,3.577442738,58,
Cote d' Ivoire,2018,0,0,0,0,3.5493626,59,
Argentina,2018,10,0,0,0,3.393403089,60,
Sweden,2018,1,0,0,0,3.264640336,61,
Madagascar,2018,0,0,0,0,3.2466023,62,
Senegal,2018,2,3,4,0,3.24457465,63,
Sri Lanka,2018,2,2,5,0,3.122693988,64,
Laos,2018,0,0,0,0,3.09418177,65,
Australia,2018,2,1,3,0,3.089336982,66,
Malaysia,2018,2,0,0,6,2.935544704,67,
Sudan,2018,0,0,0,0,2.887819917,68,
Kazakhstan,2018,0,0,0,0,2.86293209,69,
South Africa,2018,4,1,2,0,2.850214327,70,
Morocco,2018,1,2,0,0,2.72646182,71,
Romania,2018,1,0,10,0,2.599291157,72,
Finland,2018,0,0,0,0,2.527927612,73,
Netherlands,2018,2,0,2,0,2.45014107,74,
Macedonia (FYR),2018,0,0,0,0,2.353355318,75,
Austria,2018,1,0,1,0,2.341900948,76,
South Sudan,2018,0,0,0,0,2.17728451,77,
Switzerland,2018,3,0,0,0,2.163222537,78,
Tanzania,2018,0,0,0,0,2.025175617,79,
Kosovo,2018,1,0,0,0,1.982566394,80,
Turkmenistan,2018,0,0,0,0,1.937748474,81,
Denmark,2018,1,0,0,0,1.840478381,82,
Mauritania,2018,1,0,2,0,1.730864483,83,
Bosnia and Herzegovina,2018,0,0,0,0,1.707170061,84,
Nicaragua,2018,0,0,0,0,1.631923292,85,
Uganda,2018,0,0,0,0,1.577856169,86,
Brazil,2018,1,0,0,0,1.520181983,87,
Vietnam,2018,1,0,1,0,1.520181983,87,
Czech Republic,2018,0,0,0,0,1.520181983,87,
Angola,2018,1,0,0,0,1.319721733,90,
Uruguay,2018,0,0,0,0,1.24105004,91,
Cyprus,2018,0,0,0,0,1.24105004,91,
Gabon,2018,0,0,0,0,1.24105004,91,
Georgia,2018,0,0,0,0,1.154498636,94,
Kyrgyz Republic,2018,0,0,0,0,1.154498636,94,
Taiwan,2018,0,0,0,0,1.058311564,96,
Hungary,2018,0,0,0,0,0.890406939,97,
Norway,2018,0,0,0,0,0.826318935,98,
United Arab Emirates,2018,0,0,0,0,0.826318935,98,
Ireland,2018,0,0,0,0,0.757098619,100,
Djibouti,2018,0,0,0,0,0.720293392,101,
Poland,2018,0,0,0,0,0.68185185,102,
Armenia,2018,0,0,0,0,0.508313379,103,
Azerbaijan,2018,0,0,0,0,0.508313379,103,
Moldova,2018,0,0,0,0,0.508313379,103,
Mauritius,2018,0,0,0,0,0.508313379,103,
South Korea,2018,0,0,0,0,0.406455517,107,
Japan,2018,0,0,0,0,0.290978598,108,
Uzbekistan,2018,0,0,0,0,0.290978598,108,
New Zealand,2018,0,0,0,0,0,110,
Benin,2018,0,0,0,0,0,110,
Rwanda,2018,0,0,0,0,0,110,
Lithuania,2018,0,0,0,0,0,110,
Togo,2018,0,0,0,0,0,110,
Albania,2018,0,0,0,0,0,110,
Bulgaria,2018,0,0,0,0,0,110,
Belarus,2018,0,0,0,0,0,110,
Bolivia,2018,0,0,0,0,0,110,
Bhutan,2018,0,0,0,0,0,110,
Botswana,2018,0,0,0,0,0,110,
Republic of the Congo,2018,0,0,0,0,0,110,
Costa Rica,2018,0,0,0,0,0,110,
Cuba,2018,0,0,0,0,0,110,
Dominican Republic,2018,0,0,0,0,0,110,
Eritrea,2018,0,0,0,0,0,110,
Estonia,2018,0,0,0,0,0,110,
Ghana,2018,0,0,0,0,0,110,
Guinea,2018,0,0,0,0,0,110,
The Gambia,2018,0,0,0,0,0,110,
Guinea-Bissau,2018,0,0,0,0,0,110,
Equatorial Guinea,2018,0,0,0,0,0,110,
Guatemala,2018,0,0,0,0,0,110,
Guyana,2018,0,0,0,0,0,110,
Honduras,2018,0,0,0,0,0,110,
Croatia,2018,0,0,0,0,0,110,
Haiti,2018,0,0,0,0,0,110,
Iceland,2018,0,0,0,0,0,110,
Jamaica,2018,0,0,0,0,0,110,
Cambodia,2018,0,0,0,0,0,110,
Liberia,2018,0,0,0,0,0,110,
Lesotho,2018,0,0,0,0,0,110,
Latvia,2018,0,0,0,0,0,110,
Montenegro,2018,0,0,0,0,0,110,
Mongolia,2018,0,0,0,0,0,110,
Malawi,2018,0,0,0,0,0,110,
Namibia,2018,0,0,0,0,0,110,
Oman,2018,0,0,0,0,0,110,
Panama,2018,0,0,0,0,0,110,
Papua New Guinea,2018,0,0,0,0,0,110,
North Korea,2018,0,0,0,0,0,110,
Portugal,2018,0,0,0,0,0,110,
Qatar,2018,0,0,0,0,0,110,
Singapore,2018,0,0,0,0,0,110,
Sierra Leone,2018,0,0,0,0,0,110,
El Salvador,2018,0,0,0,0,0,110,
Serbia,2018,0,0,0,0,0,110,
Slovakia,2018,0,0,0,0,0,110,
Slovenia,2018,0,0,0,0,0,110,
Eswatini,2018,0,0,0,0,0,110,
Timor-Leste,2018,0,0,0,0,0,110,
Trinidad and Tobago,2018,0,0,0,0,0,110,
Zambia,2018,0,0,0,0,0,110,
Zimbabwe,2018,0,0,0,0,0,110,
Afghanistan,2019,380,1194,2727,2727,9.039005605,1,AFG
Iraq,2019,494,533,896,896,9.016501909,2,IRQ
Somalia,2019,304,693,752,752,8.575458825,3,
Nigeria,2019,158,688,312,312,8.389681794,4,
Pakistan,2019,140,250,589,589,8.078639418,5,PAK
Syria,2019,151,368,894,894,7.919990341,6,SYR
Burkina Faso,2019,266,682,221,221,7.893449849,7,
Mali,2019,152,389,324,324,7.824669382,8,
India,2019,317,224,362,362,7.805154807,9,
Cameroon,2019,222,288,210,210,7.784721091,10,
Egypt,2019,84,151,218,218,7.579491016,11,
Colombia,2019,342,154,374,374,7.354479771,12,
Mozambique,2019,127,348,89,89,7.332351946,13,
Niger,2019,82,282,100,100,7.227455671,14,
Philippines,2019,133,114,299,299,7.179563929,15,
Turkey,2019,54,51,93,93,7.042677264,16,
Yemen,2019,18,75,60,60,6.847370911,17,YEM
Sri Lanka,2019,11,197,127,127,6.635180928,18,
Thailand,2019,71,59,99,99,6.567257672,19,
Kenya,2019,34,73,72,72,6.564117252,20,
Libya,2019,9,20,20,20,6.30187131,21,
Chad,2019,15,83,35,35,6.234581905,22,
Myanmar,2019,34,65,47,47,6.0744006,23,
United States of America,2019,24,31,62,62,6.041768977,24,
Iran,2019,12,40,26,26,5.961931657,25,
France,2019,25,4,22,22,5.618360953,26,
Nepal,2019,94,4,17,17,5.511302646,27,
New Zealand,2019,1,51,49,49,5.490988801,28,
Chile,2019,103,1,27,27,5.48370374,29,
Indonesia,2019,10,7,16,16,5.464750741,30,
Palestine,2019,25,6,19,19,5.409592397,31,
United Kingdom,2019,28,3,9,9,5.358637138,32,
Israel,2019,37,4,25,25,5.263992406,33,
Tunisia,2019,19,4,18,18,5.238265107,34,
Tajikistan,2019,2,10,10,10,5.174861989,35,
Germany,2019,26,3,22,22,4.915997982,36,
Russia,2019,4,2,5,5,4.884884837,37,
Democratic Republic of the Congo,2019,9,18,0,0,4.786257433,38,
Algeria,2019,7,2,17,17,4.751068682,39,
Bangladesh,2019,10,1,21,21,4.75071302,40,
Ethiopia,2019,1,0,9,9,4.624137393,41,
Venezuela,2019,0,0,0,0,4.531190243,42,
Lebanon,2019,1,4,1,1,4.486976985,43,
Greece,2019,26,0,3,3,4.482622776,44,
Saudi Arabia,2019,5,0,6,6,4.479707743,45,
Italy,2019,12,0,0,0,4.352541899,46,
China,2019,0,0,0,0,4.178940787,47,
Belgium,2019,0,0,0,0,4.175488517,48,
Canada,2019,1,0,0,0,4.135851164,49,
Jordan,2019,2,3,16,16,4.041026371,50,
Spain,2019,2,0,0,0,4.034536343,51,
Burundi,2019,0,0,0,0,3.959733627,52,
Ecuador,2019,2,1,2,2,3.936335113,53,
Peru,2019,1,2,0,0,3.852085221,54,
Ukraine,2019,3,0,0,0,3.828642155,55,
Tanzania,2019,1,6,7,7,3.732576628,56,
Mexico,2019,7,0,2,2,3.628406486,57,
Netherlands,2019,1,4,4,4,3.496399584,58,
Central African Republic,2019,0,0,0,0,3.47333709,59,
Paraguay,2019,4,0,0,0,3.349584583,60,
Bahrain,2019,0,0,0,0,3.250643393,61,
Kuwait,2019,0,0,0,0,3.200857428,62,
Argentina,2019,2,0,0,0,3.002529836,63,
Cote d' Ivoire,2019,0,0,0,0,2.964088295,64,
Sweden,2019,1,0,0,0,2.800784171,65,
Senegal,2019,0,0,0,0,2.665211995,66,
Australia,2019,1,0,0,0,2.624603958,67,
Madagascar,2019,0,0,0,0,2.581994735,68,
Japan,2019,1,0,9,9,2.537176815,69,
Laos,2019,0,0,0,0,2.518578415,70,
Benin,2019,1,1,0,0,2.45014107,71,
Malaysia,2019,0,0,0,0,2.306598402,72,
Kazakhstan,2019,0,0,0,0,2.294503208,73,
South Africa,2019,0,0,0,0,2.282236444,74,
Sudan,2019,0,0,0,0,2.282236444,74,
Rwanda,2019,2,0,4,4,2.269793175,76,
Morocco,2019,0,0,0,0,2.163222537,77,
Norway,2019,2,0,2,2,2.104570079,78,
Romania,2019,0,0,0,0,2.04164835,79,
Brazil,2019,2,0,0,0,1.973786701,80,
Finland,2019,0,0,0,0,1.973786701,80,
Austria,2019,0,0,0,0,1.798285023,82,
Macedonia (FYR),2019,0,0,0,0,1.798285023,82,
Lithuania,2019,2,0,0,0,1.730864483,84,
Switzerland,2019,0,0,0,0,1.631923292,85,
South Sudan,2019,0,0,0,0,1.534965117,86,
Kosovo,2019,0,0,0,0,1.425747276,87,
Denmark,2019,0,0,0,0,1.338320133,88,
Ireland,2019,1,0,0,0,1.319721733,89,
Mauritania,2019,0,0,0,0,1.24105004,90,
Bosnia and Herzegovina,2019,0,0,0,0,1.220210663,91,
Uganda,2019,0,0,0,0,1.10774172,92,
Vietnam,2019,0,0,0,0,1.058311564,93,
Czech Republic,2019,0,0,0,0,1.058311564,93,
Turkmenistan,2019,0,0,0,0,1.005883858,95,
Angola,2019,0,0,0,0,0.826318935,96,
Cyprus,2019,0,0,0,0,0.826318935,96,
Gabon,2019,0,0,0,0,0.826318935,96,
Uruguay,2019,0,0,0,0,0.826318935,96,
Georgia,2019,0,0,0,0,0.757098619,100,
Kyrgyz Republic,2019,0,0,0,0,0.757098619,100,
Taiwan,2019,0,0,0,0,0.68185185,102,
Hungary,2019,0,0,0,0,0.508313379,103,
Poland,2019,0,0,0,0,0.406455517,104,
Armenia,2019,0,0,0,0,0.290978598,105,
Azerbaijan,2019,0,0,0,0,0.290978598,105,
Mauritius,2019,0,0,0,0,0.290978598,105,
Moldova,2019,0,0,0,0,0.290978598,105,
South Korea,2019,0,0,0,0,0.226890594,109,
United Arab Emirates,2019,0,0,0,0,0.226890594,109,
Uzbekistan,2019,0,0,0,0,0.157670278,111,
Albania,2019,0,0,0,0,0,112,
Belarus,2019,0,0,0,0,0,112,
Bhutan,2019,0,0,0,0,0,112,
Bolivia,2019,0,0,0,0,0,112,
Botswana,2019,0,0,0,0,0,112,
Bulgaria,2019,0,0,0,0,0,112,
Cambodia,2019,0,0,0,0,0,112,
Costa Rica,2019,0,0,0,0,0,112,
Croatia,2019,0,0,0,0,0,112,
Cuba,2019,0,0,0,0,0,112,
Djibouti,2019,0,0,0,0,0,112,
Dominican Republic,2019,0,0,0,0,0,112,
El Salvador,2019,0,0,0,0,0,112,
Equatorial Guinea,2019,0,0,0,0,0,112,
Eritrea,2019,0,0,0,0,0,112,
Estonia,2019,0,0,0,0,0,112,
Ghana,2019,0,0,0,0,0,112,
Guatemala,2019,0,0,0,0,0,112,
Guinea,2019,0,0,0,0,0,112,
Guinea-Bissau,2019,0,0,0,0,0,112,
Guyana,2019,0,0,0,0,0,112,
Haiti,2019,0,0,0,0,0,112,
Honduras,2019,0,0,0,0,0,112,
Iceland,2019,0,0,0,0,0,112,
Jamaica,2019,0,0,0,0,0,112,
Latvia,2019,0,0,0,0,0,112,
Lesotho,2019,0,0,0,0,0,112,
Liberia,2019,0,0,0,0,0,112,
Malawi,2019,0,0,0,0,0,112,
Mongolia,2019,0,0,0,0,0,112,
Montenegro,2019,0,0,0,0,0,112,
Namibia,2019,0,0,0,0,0,112,
Nicaragua,2019,0,0,0,0,0,112,
North Korea,2019,0,0,0,0,0,112,
Oman,2019,0,0,0,0,0,112,
Panama,2019,0,0,0,0,0,112,
Papua New Guinea,2019,0,0,0,0,0,112,
Portugal,2019,0,0,0,0,0,112,
Qatar,2019,0,0,0,0,0,112,
Republic of the Congo,2019,0,0,0,0,0,112,
Serbia,2019,0,0,0,0,0,112,
Sierra Leone,2019,0,0,0,0,0,112,
Singapore,2019,0,0,0,0,0,112,
Slovakia,2019,0,0,0,0,0,112,
Slovenia,2019,0,0,0,0,0,112,
Eswatini,2019,0,0,0,0,0,112,
The Gambia,2019,0,0,0,0,0,112,
Timor-Leste,2019,0,0,0,0,0,112,
Togo,2019,0,0,0,0,0,112,
Trinidad and Tobago,2019,0,0,0,0,0,112,
Zambia,2019,0,0,0,0,0,112,
Zimbabwe,2019,0,0,0,0,0,112,
Afghanistan,2020,643,1292,2395,101,9.05633576,1,AFG
Iraq,2020,637,464,748,32,8.699259147,2,IRQ
Somalia,2020,344,671,491,4,8.489522657,3,
Nigeria,2020,142,865,204,419,8.434953887,4,
Syria,2020,450,746,1076,15,8.315132382,5,SYR
Burkina Faso,2020,193,666,187,35,8.120392472,6,
Mali,2020,222,404,398,93,7.92538498,7,
Pakistan,2020,173,263,583,9,7.916045722,8,PAK
Mozambique,2020,198,564,173,219,7.881702832,9,
India,2020,316,172,212,20,7.669323303,10,
Cameroon,2020,119,222,104,130,7.632021997,11,
Niger,2020,69,262,203,115,7.417721406,12,
Egypt,2020,112,119,99,17,7.309144678,13,
Colombia,2020,184,156,89,27,7.308849224,14,
Philippines,2020,112,98,188,2,7.080553846,15,
Chad,2020,11,143,100,11,6.650341912,16,
Turkey,2020,16,17,14,2,6.484198276,17,
Kenya,2020,43,46,53,1,6.371537605,18,
Thailand,2020,24,14,76,0,6.178905935,19,
Yemen,2020,3,4,0,1,6.158683622,20,YEM
Democratic Republic of the Congo,2020,18,96,10,5,6.072628247,21,
Sri Lanka,2020,0,0,0,0,6.036154985,22,
Chile,2020,198,6,26,0,5.987330439,23,
Myanmar,2020,26,24,22,30,5.934769701,24,
Libya,2020,6,1,4,0,5.633360717,25,
Iran,2020,10,14,8,0,5.618100041,26,
United States of America,2020,9,2,13,0,5.532879837,27,
Indonesia,2020,21,13,22,0,5.376590741,28,
Nepal,2020,29,5,0,0,5.25192212,29,
France,2020,25,7,12,0,5.245722865,30,
Germany,2020,28,11,21,0,5.124637022,31,
United Kingdom,2020,14,3,10,0,5.021277283,32,
Palestine,2020,21,0,7,0,4.979161972,33,
Israel,2020,20,1,18,0,4.959826941,34,
New Zealand,2020,0,0,0,0,4.893070487,35,
Tanzania,2020,5,22,0,0,4.823347121,36,
Tunisia,2020,6,3,5,6,4.749645155,37,
Greece,2020,43,0,0,0,4.691073926,38,
Russia,2020,6,7,2,0,4.684186163,39,
Tajikistan,2020,0,0,0,0,4.577609227,40,
Bangladesh,2020,5,1,19,1,4.417153226,41,
Ethiopia,2020,1,0,29,0,4.352541899,42,
Algeria,2020,2,3,0,0,4.326212635,43,
Cote d' Ivoire,2020,2,11,8,0,4.277807479,44,
Lebanon,2020,3,5,0,0,4.096586183,45,
Canada,2020,4,3,1,0,4.010593069,46,
Venezuela,2020,2,0,0,0,3.989406505,47,
Italy,2020,6,0,0,0,3.949012924,48,
Saudi Arabia,2020,4,0,6,0,3.856098185,49,
Austria,2020,1,4,22,0,3.803482787,50,
Belgium,2020,0,0,0,0,3.580201249,51,
Spain,2020,0,0,0,0,3.443212956,52,
Jordan,2020,0,0,0,0,3.426926367,53,
Ecuador,2020,0,0,0,0,3.344173977,54,
Peru,2020,0,0,0,0,3.207239688,55,
Burundi,2020,0,0,0,0,3.145756483,56,
Switzerland,2020,6,1,2,0,3.09418177,57,
Mexico,2020,0,0,0,0,3.028978145,58,
Australia,2020,1,2,0,0,3.021128237,59,
Netherlands,2020,1,0,0,0,3.002529836,60,
Ukraine,2020,1,0,0,0,2.958454449,61,
Paraguay,2020,2,0,0,1,2.912011488,62,
Bahrain,2020,0,0,0,0,2.616248412,63,
China,2020,0,0,0,0,2.5643453,64,
Malaysia,2020,1,0,0,5,2.532564579,65,
Central African Republic,2020,0,0,0,0,2.460255715,66,
Argentina,2020,0,0,0,0,2.429549804,67,
Sweden,2020,0,0,0,0,2.163222537,68,
Senegal,2020,0,0,0,0,2.104570079,69,
Madagascar,2020,0,0,0,0,2.025175617,70,
Japan,2020,0,0,0,0,1.973786701,71,
Laos,2020,0,0,0,0,1.964916959,72,
Benin,2020,0,0,0,0,1.900142885,73,
Uruguay,2020,2,0,0,0,1.819639004,74,
Kazakhstan,2020,0,0,0,0,1.753926977,75,
Rwanda,2020,0,0,0,0,1.730864483,76,
South Africa,2020,0,0,0,0,1.730864483,76,
Morocco,2020,0,0,0,0,1.631923292,78,
Norway,2020,0,0,0,0,1.577856169,79,
Romania,2020,0,0,0,0,1.520181983,80,
Finland,2020,0,0,0,0,1.458384821,81,
Brazil,2020,0,0,0,0,1.425747276,82,
Cyprus,2020,1,0,0,0,1.391829506,83,
Sudan,2020,0,0,0,0,1.319721733,84,
Lithuania,2020,0,0,0,0,1.24105004,85,
Kosovo,2020,0,0,0,0,0.950071442,86,
Ireland,2020,0,0,0,0,0.890406939,87,
Mauritania,2020,0,0,0,0,0.826318935,88,
Vietnam,2020,0,0,0,0,0.68185185,89,
Czech Republic,2020,0,0,0,0,0.599428341,90,
Angola,2020,0,0,0,0,0.508313379,91,
Denmark,2020,0,0,0,0,0.508313379,91,
Gabon,2020,0,0,0,0,0.508313379,91,
Georgia,2020,0,0,0,0,0.458883223,94,
Kyrgyz Republic,2020,0,0,0,0,0.458883223,94,
Taiwan,2020,0,0,0,0,0.406455517,96,
Hungary,2020,0,0,0,0,0.290978598,97,
Macedonia (FYR),2020,0,0,0,0,0.290978598,97,
Poland,2020,0,0,0,0,0.226890594,99,
Armenia,2020,0,0,0,0,0.157670278,100,
Azerbaijan,2020,0,0,0,0,0.157670278,100,
Kuwait,2020,0,0,0,0,0.157670278,100,
Moldova,2020,0,0,0,0,0.157670278,100,
Mauritius,2020,0,0,0,0,0.157670278,100,
Uganda,2020,0,0,0,0,0,105,
Togo,2020,0,0,0,0,0,105,
Albania,2020,0,0,0,0,0,105,
United Arab Emirates,2020,0,0,0,0,0,105,
Bulgaria,2020,0,0,0,0,0,105,
Bosnia and Herzegovina,2020,0,0,0,0,0,105,
Belarus,2020,0,0,0,0,0,105,
Bolivia,2020,0,0,0,0,0,105,
Bhutan,2020,0,0,0,0,0,105,
Botswana,2020,0,0,0,0,0,105,
Republic of the Congo,2020,0,0,0,0,0,105,
Costa Rica,2020,0,0,0,0,0,105,
Cuba,2020,0,0,0,0,0,105,
Djibouti,2020,0,0,0,0,0,105,
Dominican Republic,2020,0,0,0,0,0,105,
Eritrea,2020,0,0,0,0,0,105,
Estonia,2020,0,0,0,0,0,105,
Ghana,2020,0,0,0,0,0,105,
Guinea,2020,0,0,0,0,0,105,
The Gambia,2020,0,0,0,0,0,105,
Guinea-Bissau,2020,0,0,0,0,0,105,
Equatorial Guinea,2020,0,0,0,0,0,105,
Guatemala,2020,0,0,0,0,0,105,
Guyana,2020,0,0,0,0,0,105,
Honduras,2020,0,0,0,0,0,105,
Croatia,2020,0,0,0,0,0,105,
Haiti,2020,0,0,0,0,0,105,
Iceland,2020,0,0,0,0,0,105,
Jamaica,2020,0,0,0,0,0,105,
Cambodia,2020,0,0,0,0,0,105,
South Korea,2020,0,0,0,0,0,105,
Liberia,2020,0,0,0,0,0,105,
Lesotho,2020,0,0,0,0,0,105,
Latvia,2020,0,0,0,0,0,105,
Montenegro,2020,0,0,0,0,0,105,
Mongolia,2020,0,0,0,0,0,105,
Malawi,2020,0,0,0,0,0,105,
Namibia,2020,0,0,0,0,0,105,
Nicaragua,2020,0,0,0,0,0,105,
Oman,2020,0,0,0,0,0,105,
Panama,2020,0,0,0,0,0,105,
Papua New Guinea,2020,0,0,0,0,0,105,
North Korea,2020,0,0,0,0,0,105,
Portugal,2020,0,0,0,0,0,105,
Qatar,2020,0,0,0,0,0,105,
Singapore,2020,0,0,0,0,0,105,
Sierra Leone,2020,0,0,0,0,0,105,
El Salvador,2020,0,0,0,0,0,105,
Serbia,2020,0,0,0,0,0,105,
South Sudan,2020,0,0,0,0,0,105,
Slovakia,2020,0,0,0,0,0,105,
Slovenia,2020,0,0,0,0,0,105,
Eswatini,2020,0,0,0,0,0,105,
Turkmenistan,2020,0,0,0,0,0,105,
Timor-Leste,2020,0,0,0,0,0,105,
Trinidad and Tobago,2020,0,0,0,0,0,105,
Uzbekistan,2020,0,0,0,0,0,105,
Zambia,2020,0,0,0,0,0,105,
Zimbabwe,2020,0,0,0,0,0,105,
Afghanistan,2021,889,1499,2341,91,9.130088594,1,AFG
Iraq,2021,873,540,873,32,8.524011704,2,IRQ
Somalia,2021,332,661,489,14,8.428536507,3,
Burkina Faso,2021,224,759,239,39,8.281140305,4,
Nigeria,2021,214,497,177,50,8.27004715,5,
Syria,2021,354,494,523,47,8.261250774,6,SYR
Mali,2021,341,604,561,102,8.169296986,7,
Niger,2021,76,595,133,34,7.858589891,8,
Pakistan,2021,206,292,549,0,7.852524248,9,PAK
Myanmar,2021,714,326,268,3,7.568522367,10,
Mozambique,2021,60,98,6,28,7.482503539,11,
Cameroon,2021,102,176,135,28,7.466861111,12,
India,2021,165,123,160,1,7.434093969,13,
Colombia,2021,75,78,195,7,7.087595426,14,
Egypt,2021,45,71,36,17,6.95225716,15,
Democratic Republic of the Congo,2021,34,213,41,80,6.896016919,16,
Philippines,2021,62,51,73,2,6.786279108,17,
Chile,2021,387,1,98,1,6.534469406,18,
Chad,2021,5,48,11,0,6.37022632,19,
Kenya,2021,29,43,39,5,6.230671277,20,
Yemen,2021,4,38,17,0,5.886206547,21,YEM
Thailand,2021,14,7,35,0,5.726601075,22,
Turkey,2021,15,6,7,0,5.678686082,23,
Indonesia,2021,16,24,24,4,5.492046097,24,
Sri Lanka,2021,0,0,0,0,5.437530877,25,
Iran,2021,6,3,3,0,5.143589005,26,
Libya,2021,4,5,0,2,5.123019508,27,
United States of America,2021,7,3,0,0,5.01841071,28,
Greece,2021,53,0,2,0,4.890653177,29,
Israel,2021,18,1,22,0,4.775262706,30,
Germany,2021,20,0,1,0,4.745360461,31,
Palestine,2021,17,1,19,0,4.736003483,32,
Burundi,2021,6,5,92,0,4.716610247,33,
Nepal,2021,1,0,8,0,4.712158282,34,
Tanzania,2021,3,7,6,0,4.660427709,35,
France,2021,7,1,0,0,4.573689235,36,
United Kingdom,2021,7,1,1,0,4.552924387,37,
Peru,2021,1,16,0,0,4.464488185,38,
Tunisia,2021,4,5,1,0,4.4570266,39,
Algeria,2021,3,8,6,0,4.426001614,40,
Bangladesh,2021,2,6,20,0,4.405566311,41,
New Zealand,2021,1,0,6,0,4.37039631,42,
Cote d' Ivoire,2021,8,5,5,0,4.303840994,43,
Russia,2021,1,2,4,0,4.218669645,44,
Uganda,2021,4,5,41,0,4.191935142,45,
Venezuela,2021,4,2,0,12,3.999640853,46,
Tajikistan,2021,0,0,0,0,3.982515694,47,
Canada,2021,1,4,1,0,3.937246861,48,
Ethiopia,2021,0,0,0,0,3.758732761,49,
Italy,2021,7,0,0,0,3.681446868,50,
Benin,2021,4,3,11,0,3.599268308,51,
Lebanon,2021,1,1,0,0,3.580201249,52,
Austria,2021,1,0,0,0,3.256669844,53,
Saudi Arabia,2021,1,0,0,0,3.106176307,54,
Spain,2021,0,0,0,0,2.856596587,55,
Switzerland,2021,2,0,0,0,2.776712851,56,
Argentina,2021,5,0,0,0,2.773218736,57,
Ecuador,2021,0,0,0,0,2.762650878,58,
Netherlands,2021,2,0,0,0,2.711551239,59,
Jordan,2021,0,0,0,0,2.590686188,60,
Australia,2021,0,0,0,0,2.434743768,61,
Mexico,2021,0,0,0,0,2.403101495,62,
Ukraine,2021,0,0,0,0,2.30057195,63,
Paraguay,2021,0,0,0,0,2.148928124,64,
Bahrain,2021,1,0,0,0,2.141691326,65,
Cyprus,2021,2,0,0,0,1.928499271,66,
Central African Republic,2021,1,0,3,0,1.900142885,67,
Malaysia,2021,0,0,0,0,1.860827374,68,
China,2021,0,0,0,0,1.860827374,68,
Belgium,2021,0,0,0,0,1.742472607,70,
Sweden,2021,0,0,0,0,1.605312199,71,
Senegal,2021,0,0,0,0,1.577856169,72,
Eswatini,2021,1,0,1,0,1.520181983,73,
Japan,2021,0,0,0,0,1.458384821,74,
Uruguay,2021,0,0,0,0,1.319721733,75,
Rwanda,2021,0,0,0,0,1.24105004,76,
Togo,2021,1,0,0,0,1.24105004,76,
South Africa,2021,0,0,0,0,1.24105004,76,
Morocco,2021,0,0,0,0,1.154498636,79,
Norway,2021,0,0,0,0,1.10774172,80,
Romania,2021,0,0,0,0,1.058311564,81,
Finland,2021,0,0,0,0,1.005883858,82,
Brazil,2021,0,0,0,0,0.950071442,83,
Sudan,2021,0,0,0,0,0.890406939,84,
Lithuania,2021,0,0,0,0,0.826318935,85,
Ireland,2021,0,0,0,0,0.508313379,86,
Mauritania,2021,0,0,0,0,0.508313379,86,
Vietnam,2021,0,0,0,0,0.406455517,88,
Angola,2021,0,0,0,0,0.290978598,89,
Czech Republic,2021,0,0,0,0,0.290978598,89,
Denmark,2021,0,0,0,0,0.290978598,89,
Gabon,2021,0,0,0,0,0.290978598,89,
Kosovo,2021,0,0,0,0,0.290978598,89,
Taiwan,2021,0,0,0,0,0.226890594,94,
Macedonia (FYR),2021,0,0,0,0,0.157670278,95,
Albania,2021,0,0,0,0,0,96,
United Arab Emirates,2021,0,0,0,0,0,96,
Armenia,2021,0,0,0,0,0,96,
Azerbaijan,2021,0,0,0,0,0,96,
Bulgaria,2021,0,0,0,0,0,96,
Bosnia and Herzegovina,2021,0,0,0,0,0,96,
Belarus,2021,0,0,0,0,0,96,
Bolivia,2021,0,0,0,0,0,96,
Bhutan,2021,0,0,0,0,0,96,
Botswana,2021,0,0,0,0,0,96,
Republic of the Congo,2021,0,0,0,0,0,96,
Costa Rica,2021,0,0,0,0,0,96,
Cuba,2021,0,0,0,0,0,96,
Djibouti,2021,0,0,0,0,0,96,
Dominican Republic,2021,0,0,0,0,0,96,
Eritrea,2021,0,0,0,0,0,96,
Estonia,2021,0,0,0,0,0,96,
Georgia,2021,0,0,0,0,0,96,
Ghana,2021,0,0,0,0,0,96,
Guinea,2021,0,0,0,0,0,96,
The Gambia,2021,0,0,0,0,0,96,
Guinea-Bissau,2021,0,0,0,0,0,96,
Equatorial Guinea,2021,0,0,0,0,0,96,
Guatemala,2021,0,0,0,0,0,96,
Guyana,2021,0,0,0,0,0,96,
Honduras,2021,0,0,0,0,0,96,
Croatia,2021,0,0,0,0,0,96,
Haiti,2021,0,0,0,0,0,96,
Hungary,2021,0,0,0,0,0,96,
Iceland,2021,0,0,0,0,0,96,
Jamaica,2021,0,0,0,0,0,96,
Kazakhstan,2021,0,0,0,0,0,96,
Kyrgyz Republic,2021,0,0,0,0,0,96,
Cambodia,2021,0,0,0,0,0,96,
South Korea,2021,0,0,0,0,0,96,
Kuwait,2021,0,0,0,0,0,96,
Laos,2021,0,0,0,0,0,96,
Liberia,2021,0,0,0,0,0,96,
Lesotho,2021,0,0,0,0,0,96,
Latvia,2021,0,0,0,0,0,96,
Moldova,2021,0,0,0,0,0,96,
Madagascar,2021,0,0,0,0,0,96,
Montenegro,2021,0,0,0,0,0,96,
Mongolia,2021,0,0,0,0,0,96,
Mauritius,2021,0,0,0,0,0,96,
Malawi,2021,0,0,0,0,0,96,
Namibia,2021,0,0,0,0,0,96,
Nicaragua,2021,0,0,0,0,0,96,
Oman,2021,0,0,0,0,0,96,
Panama,2021,0,0,0,0,0,96,
Papua New Guinea,2021,0,0,0,0,0,96,
Poland,2021,0,0,0,0,0,96,
North Korea,2021,0,0,0,0,0,96,
Portugal,2021,0,0,0,0,0,96,
Qatar,2021,0,0,0,0,0,96,
Singapore,2021,0,0,0,0,0,96,
Sierra Leone,2021,0,0,0,0,0,96,
El Salvador,2021,0,0,0,0,0,96,
Serbia,2021,0,0,0,0,0,96,
South Sudan,2021,0,0,0,0,0,96,
Slovakia,2021,0,0,0,0,0,96,
Slovenia,2021,0,0,0,0,0,96,
Turkmenistan,2021,0,0,0,0,0,96,
Timor-Leste,2021,0,0,0,0,0,96,
Trinidad and Tobago,2021,0,0,0,0,0,96,
Uzbekistan,2021,0,0,0,0,0,96,
Zambia,2021,0,0,0,0,0,96,
Zimbabwe,2021,0,0,0,0,0,96,
Afghanistan,2022,225,633,897,0,8.822243713,1,AFG
Burkina Faso,2022,310,1135,496,84,8.564100765,2,
Somalia,2022,299,755,1001,0,8.463030913,3,
Mali,2022,272,944,376,24,8.412392411,4,
Syria,2022,197,447,451,2,8.16124284,5,SYR
Pakistan,2022,298,643,802,13,8.160153142,6,PAK
Iraq,2022,401,174,339,7,8.138617814,7,IRQ
Nigeria,2022,120,385,147,59,8.064811253,8,
Myanmar,2022,755,415,349,13,7.976679176,9,
Niger,2022,54,198,118,16,7.61620676,10,
Cameroon,2022,116,166,53,65,7.347001638,11,
Mozambique,2022,90,163,24,31,7.329904046,12,
India,2022,142,78,150,2,7.174962015,13,
Democratic Republic of the Congo,2022,17,136,7,0,6.871622641,14,
Colombia,2022,45,21,114,2,6.696919796,15,
Egypt,2022,30,72,34,3,6.631550901,16,
Chile,2022,310,9,49,0,6.619298573,17,
Philippines,2022,20,18,38,0,6.32798375,18,
Chad,2022,6,36,62,0,6.167783493,19,
Kenya,2022,26,51,26,6,6.162585367,20,
Iran,2022,7,42,68,0,5.687521067,21,
Yemen,2022,9,19,23,5,5.616402193,22,YEM
Turkey,2022,10,17,107,0,5.600303977,23,
Indonesia,2022,7,25,22,0,5.502101062,24,
Israel,2022,23,28,69,0,5.489021816,25,
Thailand,2022,25,4,47,0,5.430103564,26,
Togo,2022,5,26,16,0,4.914527496,27,
Benin,2022,12,18,15,1,4.839548275,28,
Sri Lanka,2022,0,0,0,0,4.839227208,29,
United States of America,2022,8,11,7,0,4.798798242,30,
Greece,2022,35,0,2,0,4.793058823,31,
Libya,2022,4,4,5,0,4.72983026,32,
Palestine,2022,17,1,21,0,4.611276248,33,
France,2022,9,4,3,0,4.419243359,34,
Germany,2022,5,0,0,0,4.242043833,35,
Nepal,2022,2,0,2,0,4.134401386,36,
Algeria,2022,1,3,0,0,4.082834779,37,
Tanzania,2022,0,0,0,0,4.064939203,38,
Burundi,2022,0,0,0,0,4.050670995,39,
Tunisia,2022,3,0,5,0,3.988548151,40,
Peru,2022,0,0,0,0,3.856098185,41,
United Kingdom,2022,4,0,2,0,3.839933373,42,
Bangladesh,2022,2,0,2,0,3.826573273,43,
Djibouti,2022,1,7,6,0,3.800285769,44,
Russia,2022,3,2,0,0,3.799217465,45,
New Zealand,2022,0,0,0,0,3.776472712,46,
Cote d' Ivoire,2022,1,0,0,0,3.747457604,47,
Uganda,2022,0,0,0,0,3.599268308,48,
Norway,2022,1,2,21,0,3.514416742,49,
Tajikistan,2022,1,0,0,0,3.438359104,50,
Venezuela,2022,0,0,0,0,3.408649577,51,
Lebanon,2022,2,1,3,0,3.400212512,52,
Italy,2022,3,0,0,0,3.290048491,53,
Canada,2022,0,0,0,0,3.274501245,54,
Central African Republic,2022,1,3,2,0,3.194427716,55,
Ethiopia,2022,2,0,7,0,3.044467377,56,
Argentina,2022,4,0,2,0,2.875465531,57,
Slovakia,2022,1,2,1,0,2.783659012,58,
Belgium,2022,3,1,1,0,2.762650878,59,
Spain,2022,6,0,1,0,2.711551239,60,
Austria,2022,0,0,0,0,2.677031664,61,
Japan,2022,1,1,0,0,2.397713364,62,
Saudi Arabia,2022,0,0,0,0,2.38683533,63,
Sweden,2022,1,1,0,0,2.306598402,64,
Switzerland,2022,0,0,0,0,2.20474054,65,
Ecuador,2022,0,0,0,0,2.197957821,66,
Netherlands,2022,0,0,0,0,2.119610324,67,
Jordan,2022,0,0,0,0,2.033451205,68,
Australia,2022,0,0,0,0,1.830121463,69,
Uzbekistan,2022,2,0,0,0,1.730864483,70,
Paraguay,2022,0,0,0,0,1.605312199,71,
Mexico,2022,0,0,0,0,1.577856169,72,
Ukraine,2022,0,0,0,0,1.534965117,73,
Cyprus,2022,0,0,0,0,1.391829506,74,
Malaysia,2022,0,0,0,0,1.356526959,75,
United Arab Emirates,2022,1,0,0,0,1.24105004,76,
Senegal,2022,0,0,0,0,1.10774172,77,
Eswatini,2022,0,0,0,0,1.058311564,78,
Bahrain,2022,0,0,0,0,0.826318935,79,
Uruguay,2022,0,0,0,0,0.826318935,79,
Rwanda,2022,0,0,0,0,0.826318935,79,
South Africa,2022,0,0,0,0,0.826318935,79,
Morocco,2022,0,0,0,0,0.757098619,83,
Romania,2022,0,0,0,0,0.68185185,84,
Brazil,2022,0,0,0,0,0.599428341,85,
Lithuania,2022,0,0,0,0,0.508313379,86,
Ireland,2022,0,0,0,0,0.290978598,87,
Mauritania,2022,0,0,0,0,0.290978598,87,
Vietnam,2022,0,0,0,0,0.226890594,89,
Angola,2022,0,0,0,0,0.157670278,90,
Denmark,2022,0,0,0,0,0.157670278,90,
Kosovo,2022,0,0,0,0,0.157670278,90,
China,2022,0,0,0,0,0,93,
Finland,2022,0,0,0,0,0,93,
Czech Republic,2022,0,0,0,0,0,93,
Gabon,2022,0,0,0,0,0,93,
Sudan,2022,0,0,0,0,0,93,
Taiwan,2022,0,0,0,0,0,93,
Albania,2022,0,0,0,0,0,93,
Armenia,2022,0,0,0,0,0,93,
Azerbaijan,2022,0,0,0,0,0,93,
Bulgaria,2022,0,0,0,0,0,93,
Bosnia and Herzegovina,2022,0,0,0,0,0,93,
Belarus,2022,0,0,0,0,0,93,
Bolivia,2022,0,0,0,0,0,93,
Bhutan,2022,0,0,0,0,0,93,
Botswana,2022,0,0,0,0,0,93,
Republic of the Congo,2022,0,0,0,0,0,93,
Costa Rica,2022,0,0,0,0,0,93,
Cuba,2022,0,0,0,0,0,93,
Dominican Republic,2022,0,0,0,0,0,93,
Eritrea,2022,0,0,0,0,0,93,
Estonia,2022,0,0,0,0,0,93,
Georgia,2022,0,0,0,0,0,93,
Ghana,2022,0,0,0,0,0,93,
Guinea,2022,0,0,0,0,0,93,
The Gambia,2022,0,0,0,0,0,93,
Guinea-Bissau,2022,0,0,0,0,0,93,
Equatorial Guinea,2022,0,0,0,0,0,93,
Guatemala,2022,0,0,0,0,0,93,
Guyana,2022,0,0,0,0,0,93,
Honduras,2022,0,0,0,0,0,93,
Croatia,2022,0,0,0,0,0,93,
Haiti,2022,0,0,0,0,0,93,
Hungary,2022,0,0,0,0,0,93,
Iceland,2022,0,0,0,0,0,93,
Jamaica,2022,0,0,0,0,0,93,
Kazakhstan,2022,0,0,0,0,0,93,
Kyrgyz Republic,2022,0,0,0,0,0,93,
Cambodia,2022,0,0,0,0,0,93,
South Korea,2022,0,0,0,0,0,93,
Kuwait,2022,0,0,0,0,0,93,
Laos,2022,0,0,0,0,0,93,
Liberia,2022,0,0,0,0,0,93,
Lesotho,2022,0,0,0,0,0,93,
Latvia,2022,0,0,0,0,0,93,
Moldova,2022,0,0,0,0,0,93,
Madagascar,2022,0,0,0,0,0,93,
Macedonia (FYR),2022,0,0,0,0,0,93,
Montenegro,2022,0,0,0,0,0,93,
Mongolia,2022,0,0,0,0,0,93,
Mauritius,2022,0,0,0,0,0,93,
Malawi,2022,0,0,0,0,0,93,
Namibia,2022,0,0,0,0,0,93,
Nicaragua,2022,0,0,0,0,0,93,
Oman,2022,0,0,0,0,0,93,
Panama,2022,0,0,0,0,0,93,
Papua New Guinea,2022,0,0,0,0,0,93,
Poland,2022,0,0,0,0,0,93,
North Korea,2022,0,0,0,0,0,93,
Portugal,2022,0,0,0,0,0,93,
Qatar,2022,0,0,0,0,0,93,
Singapore,2022,0,0,0,0,0,93,
Sierra Leone,2022,0,0,0,0,0,93,
El Salvador,2022,0,0,0,0,0,93,
Serbia,2022,0,0,0,0,0,93,
South Sudan,2022,0,0,0,0,0,93,
Slovenia,2022,0,0,0,0,0,93,
Turkmenistan,2022,0,0,0,0,0,93,
Timor-Leste,2022,0,0,0,0,0,93,
Trinidad and Tobago,2022,0,0,0,0,0,93,
Zambia,2022,0,0,0,0,0,93,
Zimbabwe,2022,0,0,0,0,0,93,



